filename,dense_forest,dry_vegetation,low_humidity,strong_wind,rained_recently,high_temperature,minimal_human_activity,lightnings_frequent,power_lines_nearby,wildfire_risk,split
image_0000.png,0,1,1,0,1,0,1,0,1,0,train
image_0001.png,1,1,1,0,0,0,0,1,0,1,val
image_0002.png,0,0,0,1,1,0,0,1,1,0,val
image_0003.png,0,0,0,0,0,1,1,0,1,0,train
image_0004.png,1,0,0,0,1,1,1,0,0,0,val
image_0005.png,0,0,0,0,0,0,1,1,1,0,val
image_0006.png,0,0,1,0,0,0,1,0,0,0,train
image_0007.png,0,0,1,0,1,0,0,0,0,0,train
image_0008.png,0,0,0,0,0,0,0,0,1,0,train
image_0009.png,0,0,0,1,1,1,0,0,0,0,val
image_0010.png,1,1,0,1,1,0,1,1,0,0,train
image_0011.png,0,1,0,0,1,1,0,1,1,0,train
image_0012.png,1,1,0,0,1,0,1,0,1,0,train
image_0013.png,1,0,1,1,1,1,0,1,1,1,train
image_0014.png,0,0,1,1,0,0,1,0,1,0,val
image_0015.png,1,0,0,1,0,0,0,1,0,0,val
image_0016.png,0,0,0,1,0,0,1,1,0,0,train
image_0017.png,1,0,1,1,0,1,1,1,0,1,train
image_0018.png,0,0,1,1,0,0,1,0,0,0,train
image_0019.png,0,0,1,1,1,1,1,1,0,0,train
image_0020.png,1,0,0,0,0,1,1,0,0,0,train
image_0021.png,0,0,0,0,0,0,1,1,0,0,train
image_0022.png,0,0,1,1,0,0,1,0,0,0,train
image_0023.png,0,1,1,0,1,0,0,0,0,0,train
image_0024.png,1,0,1,0,1,1,1,0,1,1,train
image_0025.png,1,1,1,1,0,0,1,1,1,1,val
image_0026.png,1,0,1,1,1,1,0,1,1,1,train
image_0027.png,1,0,1,0,1,1,0,0,0,1,train
image_0028.png,0,0,0,0,0,0,1,0,0,0,train
image_0029.png,1,1,0,1,0,1,0,0,0,1,val
image_0030.png,1,0,0,0,1,1,0,0,0,0,train
image_0031.png,1,1,1,0,1,1,1,1,0,1,train
image_0032.png,1,0,0,0,0,1,1,1,0,1,train
image_0033.png,1,0,0,1,0,0,0,0,0,0,train
image_0034.png,1,0,0,0,0,1,1,0,0,0,train
image_0035.png,0,1,1,1,1,0,0,1,0,1,val
image_0036.png,1,1,0,0,1,0,0,0,1,0,val
image_0037.png,1,1,0,0,0,0,0,0,1,0,val
image_0038.png,0,0,0,1,1,1,1,0,0,0,train
image_0039.png,1,0,1,1,1,0,1,1,1,1,val
image_0040.png,0,1,0,1,0,1,0,0,1,1,train
image_0041.png,0,1,1,0,0,1,1,1,0,0,train
image_0042.png,0,1,0,0,1,0,1,0,1,0,train
image_0043.png,1,1,0,1,0,1,0,1,0,1,train
image_0044.png,1,1,1,0,1,1,1,1,0,1,train
image_0045.png,0,0,0,1,1,1,1,0,0,0,val
image_0046.png,1,0,1,1,1,0,0,0,1,1,val
image_0047.png,1,1,0,1,0,0,0,1,0,0,train
image_0048.png,0,1,1,1,1,0,0,1,0,1,val
image_0049.png,1,1,0,1,1,0,0,0,0,0,val
image_0050.png,0,1,0,1,1,1,1,1,0,0,train
image_0051.png,1,1,0,0,1,0,0,1,0,0,val
image_0052.png,1,0,0,1,1,0,1,0,0,0,train
image_0053.png,1,0,1,1,0,0,0,1,1,1,train
image_0054.png,1,0,1,0,1,1,0,0,1,1,train
image_0055.png,1,0,1,0,1,1,1,0,1,1,train
image_0056.png,1,0,0,0,1,0,0,1,1,0,train
image_0057.png,0,1,0,0,0,0,1,0,1,0,train
image_0058.png,1,1,1,0,0,0,1,0,1,1,val
image_0059.png,0,0,1,1,0,1,1,0,0,0,train
image_0060.png,1,1,1,0,1,1,0,0,0,1,train
image_0061.png,1,1,1,0,0,1,0,0,1,1,train
image_0062.png,1,1,1,0,0,1,0,0,0,1,val
image_0063.png,0,0,1,1,0,1,0,0,0,0,train
image_0064.png,0,0,0,1,1,0,0,0,0,0,train
image_0065.png,0,0,0,0,1,1,0,0,0,0,train
image_0066.png,0,1,1,0,0,0,0,0,1,0,val
image_0067.png,1,0,1,0,0,1,1,0,0,0,train
image_0068.png,1,1,0,1,1,1,0,1,1,0,val
image_0069.png,0,0,0,1,0,1,1,0,0,0,train
image_0070.png,1,1,0,0,0,0,1,1,0,0,val
image_0071.png,1,0,0,0,0,0,1,1,1,0,train
image_0072.png,0,1,1,1,1,1,1,1,1,1,train
image_0073.png,1,0,1,1,0,0,1,1,1,1,val
image_0074.png,1,1,1,1,0,1,0,1,1,1,train
image_0075.png,0,0,0,1,1,0,0,1,0,0,val
image_0076.png,0,0,0,1,1,1,1,0,0,0,train
image_0077.png,0,1,1,0,0,0,0,0,1,0,train
image_0078.png,0,0,1,1,0,1,0,0,0,0,val
image_0079.png,0,0,0,0,1,1,1,0,1,0,val
image_0080.png,1,1,0,0,1,1,1,1,0,0,train
image_0081.png,1,0,1,1,1,0,0,1,1,1,val
image_0082.png,1,1,0,0,0,0,0,0,0,0,val
image_0083.png,1,1,1,1,0,1,0,0,1,1,val
image_0084.png,1,0,0,0,0,0,1,1,0,0,train
image_0085.png,0,1,1,1,1,0,0,1,1,1,train
image_0086.png,1,1,0,1,0,0,0,0,1,0,train
image_0087.png,1,1,1,1,0,0,0,0,1,1,train
image_0088.png,0,0,0,1,1,0,1,0,0,0,train
image_0089.png,1,0,1,1,0,1,0,1,0,1,train
image_0090.png,1,0,1,1,0,1,0,0,1,1,train
image_0091.png,1,0,1,0,1,0,1,1,0,1,val
image_0092.png,1,1,1,0,0,1,1,0,0,0,train
image_0093.png,0,1,1,1,1,1,1,1,0,1,train
image_0094.png,1,1,1,0,0,0,1,1,1,1,train
image_0095.png,1,0,1,1,1,0,0,0,0,1,val
image_0096.png,0,0,0,0,0,0,1,1,1,0,train
image_0097.png,1,1,1,0,1,0,0,1,1,1,train
image_0098.png,1,0,0,1,1,0,1,0,0,0,train
image_0099.png,0,1,0,1,1,1,1,1,0,0,train
image_0100.png,0,0,1,1,1,1,1,0,0,0,train
image_0101.png,0,1,1,0,0,0,1,1,0,0,train
image_0102.png,0,1,1,0,1,0,0,0,0,0,train
image_0103.png,1,0,0,0,0,0,0,1,0,0,train
image_0104.png,0,1,0,1,1,0,0,1,0,0,val
image_0105.png,0,0,1,0,0,1,0,0,1,0,train
image_0106.png,1,1,1,0,1,0,0,0,1,1,train
image_0107.png,0,0,0,0,1,1,0,0,0,0,train
image_0108.png,0,0,1,1,1,0,0,1,0,0,train
image_0109.png,0,0,0,0,0,0,0,0,1,0,train
image_0110.png,1,0,1,0,0,1,0,1,0,1,train
image_0111.png,1,0,1,0,0,0,0,0,0,1,val
image_0112.png,0,1,1,0,0,1,0,1,1,0,train
image_0113.png,0,1,0,1,0,0,1,1,1,0,train
image_0114.png,0,0,1,0,0,0,1,1,1,0,train
image_0115.png,1,0,0,1,0,1,0,0,1,1,val
image_0116.png,0,1,1,1,0,1,1,0,0,0,train
image_0117.png,1,1,0,0,1,1,0,0,0,0,train
image_0118.png,1,0,0,1,0,1,0,1,0,1,train
image_0119.png,1,0,1,1,1,1,0,1,0,1,train
image_0120.png,0,0,0,1,1,1,0,0,1,0,train
image_0121.png,1,0,0,0,0,1,0,1,0,1,train
image_0122.png,0,0,0,1,0,0,1,1,0,0,train
image_0123.png,0,0,1,0,1,0,1,1,0,0,train
image_0124.png,1,0,0,1,0,0,1,1,1,0,train
image_0125.png,0,1,0,0,0,1,1,1,1,0,train
image_0126.png,0,0,0,1,0,0,0,0,1,0,train
image_0127.png,1,0,0,0,1,1,0,1,0,0,train
image_0128.png,1,1,1,1,0,0,1,1,1,1,train
image_0129.png,1,0,1,1,0,0,1,1,1,1,train
image_0130.png,0,0,1,0,1,0,0,0,1,0,train
image_0131.png,1,1,1,1,1,1,0,1,0,1,train
image_0132.png,0,0,1,1,1,0,0,0,0,0,train
image_0133.png,0,1,1,0,1,0,1,1,0,0,train
image_0134.png,1,0,1,1,0,1,1,1,0,1,train
image_0135.png,1,0,1,1,0,0,0,1,1,1,train
image_0136.png,0,0,1,0,0,0,0,0,0,0,train
image_0137.png,0,0,0,1,0,0,0,0,1,0,train
image_0138.png,0,0,1,0,0,1,0,0,0,0,train
image_0139.png,0,0,1,0,1,1,1,1,1,0,val
image_0140.png,1,1,0,1,1,0,0,0,0,0,train
image_0141.png,0,1,0,0,0,1,1,1,1,0,train
image_0142.png,0,0,0,0,0,0,0,0,0,0,train
image_0143.png,0,0,1,1,0,0,0,1,0,0,train
image_0144.png,1,0,1,1,0,1,1,0,1,1,train
image_0145.png,0,0,1,1,0,1,1,0,0,0,val
image_0146.png,0,0,0,0,0,1,1,0,0,0,train
image_0147.png,0,1,0,0,0,0,1,0,1,0,train
image_0148.png,1,1,1,0,0,0,1,0,1,1,train
image_0149.png,1,0,1,0,0,1,0,0,1,1,val
image_0150.png,1,1,0,1,1,0,1,0,0,0,train
image_0151.png,1,0,1,0,0,1,0,1,1,1,train
image_0152.png,1,1,1,1,0,0,1,0,0,0,train
image_0153.png,1,0,0,1,1,1,0,1,1,0,train
image_0154.png,1,1,0,0,1,1,1,1,0,0,train
image_0155.png,0,0,1,1,0,0,1,1,1,0,train
image_0156.png,0,1,1,0,0,0,1,1,1,0,train
image_0157.png,1,0,1,0,0,0,1,1,1,1,train
image_0158.png,0,0,1,1,0,0,1,1,0,0,train
image_0159.png,0,1,0,1,1,1,0,1,0,0,train
image_0160.png,1,0,0,1,1,0,0,1,1,0,train
image_0161.png,1,1,0,0,1,0,0,0,1,0,train
image_0162.png,0,0,1,1,0,0,1,0,0,0,train
image_0163.png,0,0,0,0,0,0,0,1,0,0,val
image_0164.png,1,0,1,1,1,1,0,1,0,1,train
image_0165.png,0,1,1,1,0,1,1,0,1,1,train
image_0166.png,1,0,1,1,0,0,1,0,0,0,train
image_0167.png,1,0,1,1,1,0,1,1,1,1,train
image_0168.png,1,1,0,0,1,1,1,1,1,0,train
image_0169.png,1,0,1,1,0,0,1,1,0,1,val
image_0170.png,1,0,1,1,1,1,0,1,1,1,val
image_0171.png,0,1,0,0,1,1,0,1,0,0,train
image_0172.png,1,1,0,0,0,0,1,0,0,0,val
image_0173.png,1,0,1,1,0,0,1,1,0,1,val
image_0174.png,1,1,0,1,1,0,1,1,1,0,train
image_0175.png,1,0,0,0,0,0,0,1,0,0,val
image_0176.png,1,1,0,0,0,0,1,0,1,0,train
image_0177.png,1,0,0,0,0,0,1,1,0,0,train
image_0178.png,1,0,0,0,0,1,0,0,0,1,train
image_0179.png,0,0,0,0,1,0,0,0,1,0,val
image_0180.png,1,0,0,0,0,0,0,0,0,0,train
image_0181.png,0,0,1,1,0,1,0,1,0,0,train
image_0182.png,1,0,1,1,1,1,0,1,1,1,train
image_0183.png,0,0,0,0,0,1,0,0,0,0,train
image_0184.png,1,0,1,0,1,0,0,0,1,1,train
image_0185.png,1,1,0,1,0,0,1,0,0,0,train
image_0186.png,1,0,0,1,0,1,0,1,1,1,val
image_0187.png,0,0,1,0,1,1,0,0,0,0,train
image_0188.png,0,0,1,1,0,1,1,0,0,0,train
image_0189.png,0,0,1,1,0,0,1,1,0,0,train
image_0190.png,1,1,1,0,0,1,0,1,0,1,train
image_0191.png,0,0,1,1,1,1,1,0,0,0,train
image_0192.png,0,0,1,0,1,0,1,0,1,0,train
image_0193.png,0,0,1,0,0,0,0,1,0,0,train
image_0194.png,1,1,0,0,1,0,0,1,0,0,val
image_0195.png,0,1,0,0,0,0,1,0,1,0,train
image_0196.png,1,1,1,1,0,1,0,1,0,1,train
image_0197.png,0,1,0,1,1,0,0,1,0,0,train
image_0198.png,1,0,1,0,0,0,0,1,0,1,train
image_0199.png,1,1,1,1,1,0,1,0,0,0,train
image_0200.png,1,1,0,1,1,1,0,1,1,0,train
image_0201.png,1,0,0,0,0,1,1,0,1,1,train
image_0202.png,0,0,0,0,1,0,1,0,0,0,train
image_0203.png,0,1,0,1,0,0,0,1,0,0,train
image_0204.png,1,0,1,0,0,1,1,1,0,1,train
image_0205.png,1,1,0,0,0,0,0,0,0,0,train
image_0206.png,0,1,0,1,1,1,1,1,1,0,val
image_0207.png,1,0,1,1,1,0,0,0,1,1,train
image_0208.png,0,0,1,1,1,0,0,1,0,0,train
image_0209.png,0,0,1,1,0,1,0,1,0,0,train
image_0210.png,0,0,1,0,1,0,1,1,0,0,train
image_0211.png,0,0,1,0,1,0,0,1,0,0,train
image_0212.png,0,1,1,1,0,1,0,1,0,1,train
image_0213.png,0,0,0,1,0,0,1,1,1,0,train
image_0214.png,1,0,0,0,1,0,0,1,1,0,val
image_0215.png,0,0,1,1,0,0,1,0,1,0,train
image_0216.png,1,0,1,0,1,0,1,0,0,0,train
image_0217.png,0,0,0,0,0,1,1,0,0,0,train
image_0218.png,0,0,0,1,1,1,1,1,1,0,train
image_0219.png,1,1,0,0,0,0,1,0,0,0,train
image_0220.png,1,0,1,0,0,0,1,1,0,1,train
image_0221.png,0,1,0,0,0,0,0,1,0,0,train
image_0222.png,0,1,1,1,1,0,1,1,1,1,train
image_0223.png,0,1,1,1,0,0,0,0,1,1,val
image_0224.png,0,0,1,0,1,1,1,0,1,0,train
image_0225.png,1,1,0,0,0,1,1,1,1,1,train
image_0226.png,0,0,0,0,0,0,0,0,0,0,train
image_0227.png,1,0,1,1,0,1,0,1,0,1,val
image_0228.png,1,0,0,0,0,0,0,0,1,0,val
image_0229.png,0,0,1,0,1,0,1,1,0,0,train
image_0230.png,0,1,0,1,0,1,1,0,1,1,train
image_0231.png,0,0,0,0,1,1,1,0,0,0,train
image_0232.png,0,1,0,0,0,0,0,1,0,0,val
image_0233.png,1,0,0,1,0,0,0,1,1,0,val
image_0234.png,1,0,0,0,1,0,1,1,0,0,train
image_0235.png,1,1,0,1,0,0,1,0,1,0,train
image_0236.png,0,0,1,1,1,1,1,1,1,0,train
image_0237.png,1,0,1,0,1,0,1,1,0,1,train
image_0238.png,1,0,0,1,1,1,1,1,0,0,train
image_0239.png,1,1,0,0,0,0,0,0,1,0,train
image_0240.png,0,1,0,1,0,1,1,0,0,0,train
image_0241.png,1,1,1,1,1,0,0,1,1,1,train
image_0242.png,0,1,0,1,0,0,1,0,1,0,val
image_0243.png,0,0,1,0,0,0,0,1,0,0,val
image_0244.png,0,0,1,0,0,1,0,1,1,0,train
image_0245.png,1,0,0,1,0,0,0,1,1,0,train
image_0246.png,0,0,0,1,0,1,1,1,1,0,train
image_0247.png,0,0,0,1,1,1,1,0,1,0,val
image_0248.png,1,1,1,0,1,0,0,1,0,1,train
image_0249.png,0,1,0,1,1,1,0,0,0,0,train
image_0250.png,0,1,1,1,0,0,0,0,1,1,train
image_0251.png,1,0,0,0,1,0,1,0,1,0,train
image_0252.png,0,1,1,1,1,0,1,1,1,1,val
image_0253.png,1,0,0,1,1,0,0,1,1,0,train
image_0254.png,0,0,0,0,0,0,1,1,1,0,train
image_0255.png,1,0,0,1,0,0,1,0,0,0,train
image_0256.png,1,1,0,0,0,0,0,0,1,0,train
image_0257.png,0,0,0,1,0,0,1,0,0,0,train
image_0258.png,0,1,1,1,0,0,1,1,0,1,val
image_0259.png,0,1,0,1,1,1,0,0,0,0,train
image_0260.png,1,0,0,0,0,0,0,1,1,0,train
image_0261.png,1,0,0,1,1,0,0,0,0,0,val
image_0262.png,1,1,1,0,0,0,1,0,1,1,val
image_0263.png,0,1,0,0,0,1,1,0,0,0,val
image_0264.png,0,1,0,1,0,0,0,0,1,0,val
image_0265.png,0,0,1,1,1,0,0,0,0,0,val
image_0266.png,1,0,1,1,0,0,0,0,1,1,train
image_0267.png,0,0,0,0,0,1,0,1,0,0,val
image_0268.png,0,0,1,0,0,1,0,0,1,0,val
image_0269.png,1,1,1,1,1,1,0,1,1,1,train
image_0270.png,0,1,1,1,0,0,1,1,0,1,train
image_0271.png,0,1,1,1,1,0,0,1,1,1,train
image_0272.png,1,0,0,1,1,1,1,1,0,0,train
image_0273.png,0,0,0,1,1,0,0,0,1,0,train
image_0274.png,0,1,0,1,1,1,1,0,1,0,train
image_0275.png,1,0,0,1,1,1,1,1,0,0,train
image_0276.png,1,0,1,1,1,1,1,0,0,0,val
image_0277.png,0,0,1,0,0,0,0,0,0,0,train
image_0278.png,1,1,1,0,1,0,0,1,0,1,train
image_0279.png,0,0,1,1,0,1,1,0,1,0,train
image_0280.png,0,0,0,1,0,0,0,0,0,0,val
image_0281.png,0,0,1,1,0,0,0,0,0,0,train
image_0282.png,0,0,0,1,0,1,0,0,1,0,val
image_0283.png,1,0,1,0,0,0,1,0,1,1,train
image_0284.png,0,1,0,0,1,0,1,1,1,0,train
image_0285.png,0,1,1,1,1,1,0,1,1,1,train
image_0286.png,0,0,0,0,0,1,0,0,0,0,train
image_0287.png,1,0,1,0,0,0,0,1,0,1,train
image_0288.png,1,1,0,0,0,0,0,1,1,0,train
image_0289.png,0,1,0,0,1,1,0,0,0,0,train
image_0290.png,1,0,0,1,0,0,1,1,1,0,train
image_0291.png,1,0,0,1,1,0,1,1,1,0,train
image_0292.png,0,0,0,1,0,1,0,1,0,0,val
image_0293.png,0,0,1,1,0,0,1,1,1,0,train
image_0294.png,1,1,0,0,0,0,0,1,1,0,train
image_0295.png,1,0,1,1,0,1,1,0,1,1,train
image_0296.png,1,1,1,0,1,1,1,0,0,0,val
image_0297.png,1,1,1,0,1,0,0,0,0,1,train
image_0298.png,0,0,1,0,1,1,0,0,0,0,val
image_0299.png,1,0,0,1,1,0,1,0,0,0,val
image_0300.png,0,1,1,0,0,1,1,0,0,0,train
image_0301.png,0,1,0,0,1,0,0,0,1,0,train
image_0302.png,1,0,1,1,0,1,1,1,1,1,train
image_0303.png,0,0,0,1,1,1,1,1,1,0,train
image_0304.png,1,0,0,0,1,1,1,1,1,0,train
image_0305.png,1,0,0,1,0,1,1,1,0,1,val
image_0306.png,1,0,1,0,0,0,0,1,1,1,train
image_0307.png,1,0,0,0,0,0,0,1,1,0,train
image_0308.png,0,0,0,1,0,0,0,0,0,0,train
image_0309.png,0,0,1,1,1,0,0,1,1,0,val
image_0310.png,1,1,1,1,0,0,1,0,1,1,train
image_0311.png,0,1,0,0,1,1,1,1,1,0,train
image_0312.png,0,0,1,0,0,0,1,0,0,0,val
image_0313.png,0,0,1,0,0,0,0,1,1,0,train
image_0314.png,1,0,1,0,0,1,0,1,1,1,train
image_0315.png,0,1,0,1,1,0,1,0,1,0,train
image_0316.png,0,0,0,0,0,1,0,0,1,0,train
image_0317.png,0,0,0,1,1,0,0,1,0,0,train
image_0318.png,1,1,0,0,1,0,1,0,1,0,train
image_0319.png,0,0,1,1,1,1,1,1,1,0,val
image_0320.png,1,1,1,1,1,1,0,1,1,1,train
image_0321.png,0,1,1,1,1,0,1,1,0,1,train
image_0322.png,1,0,0,1,0,0,0,0,1,0,train
image_0323.png,1,0,1,0,1,1,1,0,1,1,train
image_0324.png,0,1,0,0,1,0,0,1,0,0,train
image_0325.png,1,0,0,1,1,0,1,1,1,0,train
image_0326.png,1,0,0,0,1,1,1,0,1,0,val
image_0327.png,0,1,0,0,1,0,0,1,1,0,train
image_0328.png,0,1,0,1,0,1,0,0,1,1,val
image_0329.png,1,0,0,1,0,1,0,1,1,1,train
image_0330.png,1,0,1,0,0,0,0,0,1,1,train
image_0331.png,0,1,0,1,1,1,0,0,0,0,train
image_0332.png,0,1,1,1,0,0,1,1,0,1,train
image_0333.png,1,0,0,0,0,0,1,1,1,0,train
image_0334.png,1,0,1,1,1,1,1,1,0,1,train
image_0335.png,1,0,1,0,1,1,1,0,1,1,train
image_0336.png,1,0,1,0,0,0,0,0,0,1,train
image_0337.png,0,0,1,1,0,1,1,0,0,0,val
image_0338.png,1,1,0,0,0,1,0,0,1,1,train
image_0339.png,0,0,1,1,1,1,0,0,0,0,train
image_0340.png,1,1,0,1,0,0,0,1,1,0,train
image_0341.png,0,1,0,0,1,0,0,1,0,0,train
image_0342.png,1,1,1,0,1,0,0,1,1,1,train
image_0343.png,0,1,0,0,0,0,1,0,1,0,train
image_0344.png,1,1,0,0,1,0,0,0,1,0,train
image_0345.png,0,0,1,1,1,1,0,1,1,0,train
image_0346.png,1,1,1,0,0,0,0,0,1,1,train
image_0347.png,0,0,1,1,1,1,0,1,0,0,train
image_0348.png,0,1,0,0,0,0,0,1,0,0,train
image_0349.png,1,0,0,1,1,0,1,0,1,0,train
image_0350.png,1,0,0,0,0,0,1,1,1,0,val
image_0351.png,1,0,0,0,1,0,0,1,0,0,train
image_0352.png,0,1,0,0,1,1,1,0,1,0,train
image_0353.png,0,0,0,1,0,1,0,0,0,0,train
image_0354.png,1,0,0,1,1,0,0,1,1,0,val
image_0355.png,0,1,1,0,1,0,0,0,0,0,val
image_0356.png,1,0,1,0,0,1,1,1,0,1,train
image_0357.png,0,0,1,1,1,1,0,0,1,0,train
image_0358.png,0,0,0,0,0,1,0,1,1,0,train
image_0359.png,1,0,0,1,1,0,0,0,1,0,train
image_0360.png,1,0,1,0,0,1,0,1,0,1,train
image_0361.png,1,0,1,1,0,0,0,0,0,1,val
image_0362.png,1,0,1,1,1,1,1,1,0,1,val
image_0363.png,1,0,0,1,0,0,0,0,0,0,val
image_0364.png,1,1,0,1,0,0,0,0,1,0,train
image_0365.png,1,1,1,0,0,1,0,1,0,1,train
image_0366.png,0,1,0,0,1,0,1,0,1,0,train
image_0367.png,0,0,1,0,0,1,0,0,0,0,train
image_0368.png,0,0,0,0,0,0,1,1,0,0,train
image_0369.png,1,0,1,0,0,1,0,1,0,1,train
image_0370.png,1,1,1,1,0,1,1,1,0,1,train
image_0371.png,0,1,0,1,1,0,1,0,0,0,val
image_0372.png,0,1,1,0,0,0,1,1,0,0,val
image_0373.png,1,1,1,1,1,0,0,0,0,1,train
image_0374.png,0,1,1,0,1,0,0,1,1,0,train
image_0375.png,1,0,0,0,1,1,0,0,0,0,val
image_0376.png,0,0,0,0,1,1,0,1,0,0,val
image_0377.png,0,1,1,1,1,1,1,0,1,1,train
image_0378.png,0,0,0,1,1,1,1,1,0,0,train
image_0379.png,0,0,0,1,0,1,0,0,1,0,val
image_0380.png,0,1,0,0,0,1,1,1,0,0,val
image_0381.png,0,1,1,1,1,0,1,0,1,1,train
image_0382.png,1,0,0,1,0,0,1,1,0,0,train
image_0383.png,0,1,1,1,1,1,0,0,0,1,val
image_0384.png,0,1,1,1,0,1,0,0,1,1,train
image_0385.png,1,0,1,1,1,0,1,1,0,1,train
image_0386.png,1,1,1,1,0,0,0,1,0,1,train
image_0387.png,1,1,0,1,0,0,0,0,1,0,train
image_0388.png,0,0,0,1,1,1,1,0,1,0,train
image_0389.png,1,0,0,0,0,1,0,1,0,1,train
image_0390.png,0,1,1,0,1,0,1,0,0,0,train
image_0391.png,1,0,1,0,0,1,1,0,1,1,train
image_0392.png,1,0,1,0,0,0,0,1,0,1,val
image_0393.png,1,0,0,1,1,1,1,0,0,0,train
image_0394.png,0,0,1,1,0,0,1,1,1,0,val
image_0395.png,1,1,0,1,0,1,0,1,1,1,train
image_0396.png,0,1,1,0,0,0,1,0,0,0,train
image_0397.png,0,0,0,1,1,0,0,0,0,0,val
image_0398.png,1,0,1,1,1,0,0,1,0,1,train
image_0399.png,0,0,1,0,0,0,1,1,0,0,train
image_0400.png,1,0,1,0,0,1,0,1,1,1,train
image_0401.png,1,0,0,0,1,1,1,1,0,0,train
image_0402.png,1,0,0,0,0,1,0,1,1,1,train
image_0403.png,0,1,1,0,1,0,1,1,1,0,train
image_0404.png,1,1,1,1,0,0,0,1,0,1,train
image_0405.png,1,0,1,0,0,0,1,1,0,1,train
image_0406.png,0,1,0,0,1,0,1,1,0,0,train
image_0407.png,0,1,0,0,0,1,0,0,0,0,train
image_0408.png,0,1,0,1,1,0,1,0,0,0,train
image_0409.png,1,1,0,1,0,0,0,0,0,0,train
image_0410.png,0,1,1,1,1,0,0,0,1,1,train
image_0411.png,0,1,1,0,0,0,1,1,0,0,train
image_0412.png,1,1,1,0,0,0,1,0,0,0,val
image_0413.png,0,1,1,0,0,0,1,1,1,0,train
image_0414.png,0,1,1,1,0,0,1,1,0,1,train
image_0415.png,1,0,1,0,1,0,0,1,0,1,val
image_0416.png,1,0,0,1,0,1,0,0,1,1,train
image_0417.png,1,0,0,0,1,0,0,1,1,0,train
image_0418.png,1,1,0,0,1,0,0,0,1,0,val
image_0419.png,0,0,0,1,1,0,0,1,0,0,train
image_0420.png,0,0,0,1,0,0,0,1,0,0,train
image_0421.png,1,0,1,0,1,1,0,1,1,1,val
image_0422.png,1,0,0,0,1,1,1,0,1,0,train
image_0423.png,0,0,1,0,1,0,0,1,1,0,val
image_0424.png,1,0,1,1,0,1,1,1,0,1,train
image_0425.png,0,1,1,0,1,1,1,1,0,0,val
image_0426.png,0,1,0,0,1,1,0,1,1,0,train
image_0427.png,0,0,1,1,1,1,0,0,0,0,train
image_0428.png,1,1,1,0,1,0,1,0,1,1,train
image_0429.png,0,0,0,1,0,1,1,1,0,0,train
image_0430.png,1,1,1,0,0,0,0,0,0,1,train
image_0431.png,1,0,0,0,0,1,1,1,0,1,train
image_0432.png,1,0,1,1,0,1,0,1,1,1,train
image_0433.png,1,0,1,1,1,1,0,0,0,1,train
image_0434.png,1,0,0,1,1,1,1,1,1,0,train
image_0435.png,1,0,0,0,1,1,0,1,0,0,val
image_0436.png,0,0,1,1,1,0,1,0,0,0,train
image_0437.png,0,0,0,1,0,0,1,1,0,0,val
image_0438.png,1,0,1,1,1,0,1,1,1,1,train
image_0439.png,1,1,1,0,1,0,0,1,1,1,train
image_0440.png,1,0,1,0,0,1,0,0,0,1,train
image_0441.png,1,0,0,0,1,1,0,0,1,0,train
image_0442.png,0,1,1,1,1,0,1,0,1,1,train
image_0443.png,0,1,1,0,0,1,1,1,0,0,train
image_0444.png,0,1,0,1,1,1,1,0,0,0,train
image_0445.png,1,1,0,1,1,0,1,1,1,0,val
image_0446.png,1,1,0,0,0,0,0,1,0,0,train
image_0447.png,0,1,1,1,0,1,1,1,0,1,train
image_0448.png,1,1,1,0,0,1,1,1,0,1,train
image_0449.png,0,0,0,0,1,0,0,0,0,0,train
image_0450.png,1,0,0,0,1,0,0,0,0,0,val
image_0451.png,0,1,1,1,0,0,1,1,1,1,train
image_0452.png,1,1,1,1,1,0,0,0,0,1,val
image_0453.png,1,0,1,1,0,1,0,1,0,1,train
image_0454.png,0,0,1,1,1,0,0,0,1,0,train
image_0455.png,0,0,1,1,0,0,1,0,0,0,val
image_0456.png,1,0,0,0,0,0,1,0,1,0,train
image_0457.png,0,0,0,0,1,0,0,0,0,0,train
image_0458.png,1,0,0,1,0,0,1,1,0,0,train
image_0459.png,1,0,0,0,0,1,1,1,1,1,train
image_0460.png,0,0,0,1,0,0,1,1,0,0,val
image_0461.png,1,0,0,1,0,0,1,1,0,0,train
image_0462.png,1,1,1,1,0,1,0,1,1,1,train
image_0463.png,1,0,0,1,1,1,1,0,1,0,train
image_0464.png,1,0,1,0,0,1,1,0,0,0,val
image_0465.png,1,0,1,1,1,1,1,1,1,1,val
image_0466.png,0,0,1,1,1,1,1,1,0,0,val
image_0467.png,1,0,0,0,0,0,1,0,1,0,val
image_0468.png,0,1,1,0,1,0,0,1,0,0,val
image_0469.png,0,1,0,0,0,0,1,1,1,0,train
image_0470.png,1,0,1,0,1,0,1,0,1,1,train
image_0471.png,1,1,1,1,1,0,1,1,1,1,train
image_0472.png,1,0,0,0,0,0,0,0,0,0,train
image_0473.png,0,0,1,0,0,1,0,0,0,0,train
image_0474.png,0,0,0,0,0,0,1,0,0,0,train
image_0475.png,0,1,1,1,1,1,1,1,1,1,val
image_0476.png,0,1,0,0,1,1,0,0,1,0,val
image_0477.png,0,1,0,0,0,0,0,1,0,0,val
image_0478.png,0,0,1,0,1,0,1,0,1,0,train
image_0479.png,0,1,1,1,0,0,0,1,1,1,train
image_0480.png,0,1,0,0,0,0,1,1,0,0,val
image_0481.png,1,0,1,0,1,1,1,0,0,0,train
image_0482.png,0,0,0,1,0,0,0,0,0,0,train
image_0483.png,0,1,0,1,1,1,1,1,0,0,train
image_0484.png,1,0,0,0,0,1,1,1,0,1,train
image_0485.png,1,0,1,0,1,0,0,1,0,1,train
image_0486.png,1,1,1,1,0,1,0,1,0,1,train
image_0487.png,1,0,0,0,1,0,1,0,0,0,val
image_0488.png,1,0,1,0,0,0,0,1,1,1,val
image_0489.png,1,0,0,1,1,1,0,1,1,0,val
image_0490.png,0,1,1,0,1,1,1,1,0,0,train
image_0491.png,0,0,0,0,1,0,1,1,1,0,train
image_0492.png,0,0,1,0,0,1,0,1,0,0,train
image_0493.png,0,0,1,1,1,0,0,1,1,0,train
image_0494.png,1,1,0,0,0,1,1,0,0,0,train
image_0495.png,0,0,1,0,0,1,1,0,1,0,train
image_0496.png,0,0,0,0,0,1,1,0,0,0,train
image_0497.png,1,0,0,0,0,1,0,1,1,1,train
image_0498.png,1,1,0,0,0,0,0,0,0,0,val
image_0499.png,0,0,1,1,1,0,0,1,0,0,train
image_0500.png,0,0,0,0,0,1,0,0,1,0,val
image_0501.png,0,0,0,0,1,1,0,0,0,0,train
image_0502.png,0,1,0,1,1,0,0,0,0,0,val
image_0503.png,0,1,0,1,0,0,0,0,1,0,train
image_0504.png,1,0,1,0,1,0,1,0,1,1,train
image_0505.png,1,0,0,1,1,0,1,1,0,0,train
image_0506.png,1,0,1,0,1,1,0,1,1,1,train
image_0507.png,0,0,0,0,0,0,1,1,1,0,train
image_0508.png,1,0,0,0,0,0,1,0,0,0,train
image_0509.png,1,1,0,1,1,0,0,0,1,0,train
image_0510.png,1,0,1,1,0,0,1,1,0,1,train
image_0511.png,1,0,1,1,1,0,1,1,0,1,train
image_0512.png,1,1,1,0,0,0,0,1,1,1,train
image_0513.png,1,0,0,1,1,1,0,1,0,0,val
image_0514.png,0,0,1,0,0,1,0,1,0,0,train
image_0515.png,0,0,0,0,1,1,1,1,0,0,train
image_0516.png,0,0,0,0,0,1,1,0,0,0,train
image_0517.png,0,1,1,1,1,1,1,0,1,1,train
image_0518.png,0,1,1,1,0,0,1,1,1,1,train
image_0519.png,1,0,1,1,1,0,0,0,1,1,train
image_0520.png,0,1,1,0,1,0,1,1,0,0,train
image_0521.png,0,0,1,0,0,1,1,1,0,0,train
image_0522.png,0,0,0,0,1,0,1,1,1,0,val
image_0523.png,1,0,0,0,0,0,1,0,1,0,val
image_0524.png,1,0,1,1,0,0,1,0,1,1,train
image_0525.png,1,0,0,1,1,1,1,1,1,0,train
image_0526.png,0,0,0,1,0,1,1,0,0,0,val
image_0527.png,0,1,0,1,0,0,1,0,1,0,val
image_0528.png,1,0,1,0,1,1,0,1,1,1,val
image_0529.png,0,0,1,1,1,1,1,0,1,0,train
image_0530.png,0,1,1,1,1,1,1,0,0,0,val
image_0531.png,0,0,0,1,1,1,0,1,1,0,train
image_0532.png,0,1,0,0,0,0,0,1,0,0,train
image_0533.png,1,0,1,1,0,1,0,0,1,1,train
image_0534.png,0,1,1,1,0,0,0,1,0,1,train
image_0535.png,1,0,0,1,0,1,1,1,0,1,train
image_0536.png,1,1,0,1,0,0,0,0,1,0,train
image_0537.png,1,1,1,1,1,1,0,1,1,1,train
image_0538.png,1,1,1,0,0,1,0,1,0,1,train
image_0539.png,0,0,1,0,1,1,1,0,1,0,train
image_0540.png,0,0,0,0,0,0,1,0,0,0,val
image_0541.png,1,1,1,0,0,0,1,0,0,0,train
image_0542.png,1,1,0,1,1,1,0,1,1,0,val
image_0543.png,0,1,1,1,0,1,0,1,1,1,train
image_0544.png,0,0,1,1,0,1,1,0,0,0,train
image_0545.png,0,0,0,1,1,1,0,1,0,0,val
image_0546.png,1,0,1,1,1,0,0,0,0,1,val
image_0547.png,1,1,0,0,0,1,0,1,1,1,train
image_0548.png,1,1,0,1,0,0,0,0,1,0,train
image_0549.png,1,1,0,1,1,0,0,0,0,0,val
image_0550.png,1,1,1,0,1,1,0,1,1,1,train
image_0551.png,0,0,1,0,1,1,0,0,1,0,val
image_0552.png,1,0,1,1,0,0,1,1,0,1,train
image_0553.png,1,0,1,1,0,1,0,0,1,1,train
image_0554.png,1,1,1,1,0,1,1,1,1,1,train
image_0555.png,1,1,0,1,1,0,0,0,1,0,val
image_0556.png,1,1,0,1,0,0,0,1,1,0,val
image_0557.png,1,0,1,0,0,1,1,0,0,0,train
image_0558.png,0,0,0,0,0,1,1,0,0,0,train
image_0559.png,1,1,0,0,0,0,1,0,1,0,train
image_0560.png,1,0,1,0,1,1,0,0,0,1,train
image_0561.png,1,1,0,0,0,0,1,0,0,0,train
image_0562.png,1,0,0,1,1,0,1,0,0,0,train
image_0563.png,1,0,0,0,1,0,1,1,0,0,train
image_0564.png,1,0,0,1,0,1,0,1,0,1,val
image_0565.png,0,0,1,0,1,0,0,0,1,0,train
image_0566.png,0,1,1,0,1,0,0,0,0,0,val
image_0567.png,0,0,1,0,1,1,0,1,0,0,val
image_0568.png,1,1,0,1,1,1,0,0,1,0,val
image_0569.png,1,0,0,0,0,1,1,1,0,1,val
image_0570.png,1,1,0,0,1,0,0,1,0,0,val
image_0571.png,1,0,0,1,0,0,1,1,1,0,train
image_0572.png,1,0,1,0,1,0,0,1,1,1,train
image_0573.png,0,0,1,1,0,1,1,1,1,0,train
image_0574.png,0,0,1,0,1,1,1,0,0,0,val
image_0575.png,1,1,0,0,0,1,0,0,0,1,train
image_0576.png,0,1,0,0,0,0,1,0,0,0,val
image_0577.png,0,1,1,1,0,1,0,0,1,1,train
image_0578.png,1,1,1,0,1,1,1,1,0,1,train
image_0579.png,0,0,1,0,1,0,0,1,1,0,train
image_0580.png,1,0,0,1,0,1,1,0,1,1,train
image_0581.png,0,0,1,1,1,1,1,1,0,0,val
image_0582.png,0,1,0,0,0,0,0,1,1,0,val
image_0583.png,0,0,0,0,1,1,1,0,0,0,val
image_0584.png,0,1,0,0,1,0,0,1,1,0,train
image_0585.png,1,0,1,1,1,1,0,0,1,1,train
image_0586.png,1,0,1,1,0,1,0,0,1,1,train
image_0587.png,0,0,1,0,1,1,1,1,0,0,train
image_0588.png,1,1,0,1,1,0,1,0,1,0,train
image_0589.png,1,0,1,0,0,0,0,0,0,1,train
image_0590.png,1,1,0,1,0,0,1,0,0,0,train
image_0591.png,1,1,0,1,0,1,0,1,0,1,train
image_0592.png,0,1,0,1,1,0,0,1,1,0,train
image_0593.png,1,0,1,1,1,0,1,0,0,0,train
image_0594.png,0,0,1,1,1,1,1,1,1,0,train
image_0595.png,0,0,0,1,0,0,1,0,1,0,train
image_0596.png,0,0,1,0,1,1,0,0,1,0,train
image_0597.png,1,1,1,0,0,1,0,1,0,1,val
image_0598.png,1,0,1,0,0,1,0,0,0,1,train
image_0599.png,1,1,1,0,1,0,1,0,1,1,train
image_0600.png,0,1,0,1,1,0,1,1,1,0,train
image_0601.png,0,0,1,1,0,0,0,0,1,0,train
image_0602.png,1,1,0,0,0,1,0,0,1,1,train
image_0603.png,1,0,0,1,0,0,1,1,0,0,val
image_0604.png,0,1,1,1,0,1,0,0,0,1,train
image_0605.png,0,1,0,0,1,0,1,1,0,0,train
image_0606.png,0,0,0,0,1,0,0,1,1,0,val
image_0607.png,0,1,0,0,0,1,1,1,1,0,train
image_0608.png,1,0,1,0,0,0,0,0,0,1,train
image_0609.png,0,0,1,1,0,1,1,1,1,0,train
image_0610.png,0,1,1,0,0,1,0,1,1,0,train
image_0611.png,0,0,1,1,1,0,0,0,0,0,train
image_0612.png,0,0,0,1,0,1,0,1,0,0,train
image_0613.png,0,0,1,1,0,0,0,1,1,0,train
image_0614.png,1,0,0,0,1,1,0,1,1,0,val
image_0615.png,0,0,0,1,1,1,1,0,1,0,train
image_0616.png,1,0,1,0,0,1,1,1,0,1,train
image_0617.png,0,0,0,1,1,0,1,1,0,0,train
image_0618.png,0,1,1,0,0,0,1,1,1,0,train
image_0619.png,1,0,1,1,0,1,0,0,0,1,train
image_0620.png,1,0,0,0,0,1,1,1,1,1,train
image_0621.png,1,0,0,0,0,1,1,1,1,1,val
image_0622.png,0,0,0,0,1,1,0,1,1,0,train
image_0623.png,1,1,0,0,0,1,0,1,1,1,train
image_0624.png,1,0,0,1,1,0,1,0,0,0,val
image_0625.png,1,1,0,1,0,0,1,0,0,0,val
image_0626.png,0,0,0,1,1,0,0,1,1,0,train
image_0627.png,1,1,1,1,0,0,0,1,0,1,train
image_0628.png,1,0,1,1,1,0,1,1,1,1,train
image_0629.png,0,0,0,1,0,0,0,1,0,0,train
image_0630.png,1,1,0,0,0,0,1,1,0,0,train
image_0631.png,0,0,1,1,0,1,0,1,0,0,val
image_0632.png,1,1,1,0,0,0,1,0,0,0,train
image_0633.png,1,0,1,0,0,1,0,1,0,1,train
image_0634.png,1,0,0,1,0,1,1,1,1,1,train
image_0635.png,0,0,0,0,1,1,0,0,1,0,val
image_0636.png,0,0,0,1,1,0,1,1,1,0,train
image_0637.png,1,0,0,0,1,0,1,1,1,0,train
image_0638.png,0,0,1,0,0,1,0,1,0,0,train
image_0639.png,0,0,0,0,1,1,0,1,1,0,val
image_0640.png,1,0,0,1,0,1,0,0,0,1,train
image_0641.png,1,0,1,0,1,0,0,1,1,1,train
image_0642.png,0,0,0,0,1,0,1,1,0,0,train
image_0643.png,1,0,1,0,1,1,0,0,1,1,train
image_0644.png,1,0,0,0,1,0,1,0,1,0,train
image_0645.png,1,0,1,0,1,0,1,1,1,1,train
image_0646.png,0,1,0,0,0,0,0,0,0,0,val
image_0647.png,0,0,0,0,0,0,1,0,1,0,val
image_0648.png,1,0,1,0,0,1,1,0,0,0,train
image_0649.png,0,0,0,0,0,1,0,1,0,0,train
image_0650.png,0,1,1,0,1,0,0,1,0,0,train
image_0651.png,1,0,0,0,0,0,0,0,0,0,train
image_0652.png,0,0,0,1,0,0,1,1,1,0,train
image_0653.png,0,1,1,0,0,0,1,0,0,0,train
image_0654.png,0,1,1,0,1,1,1,0,1,0,train
image_0655.png,1,1,1,0,0,1,0,1,1,1,val
image_0656.png,1,0,1,1,0,0,1,0,1,1,train
image_0657.png,0,0,1,0,1,0,0,1,0,0,train
image_0658.png,0,1,0,1,1,1,0,0,1,0,train
image_0659.png,0,0,1,1,0,1,0,1,1,0,train
image_0660.png,1,0,1,1,1,0,1,0,0,0,train
image_0661.png,1,1,0,1,1,1,1,0,0,0,train
image_0662.png,0,0,0,0,1,1,0,1,0,0,train
image_0663.png,1,0,0,0,1,1,1,1,0,0,val
image_0664.png,1,1,0,0,1,1,0,0,1,0,train
image_0665.png,0,1,0,1,0,0,1,0,1,0,train
image_0666.png,1,0,0,1,1,0,0,0,0,0,train
image_0667.png,0,0,1,1,0,0,0,1,0,0,train
image_0668.png,1,1,1,0,0,0,1,0,0,0,val
image_0669.png,1,0,1,1,0,1,0,1,1,1,train
image_0670.png,1,1,1,0,0,0,1,1,1,1,train
image_0671.png,0,0,1,1,0,0,0,0,1,0,train
image_0672.png,1,0,0,0,1,0,1,0,0,0,val
image_0673.png,0,0,1,1,1,1,0,1,0,0,val
image_0674.png,0,0,0,1,1,0,1,1,0,0,train
image_0675.png,0,0,0,1,0,0,0,0,0,0,train
image_0676.png,0,0,1,1,1,1,1,0,1,0,train
image_0677.png,0,1,0,0,0,0,1,0,1,0,train
image_0678.png,0,1,1,0,1,1,0,1,1,0,train
image_0679.png,1,1,1,1,1,1,1,1,1,1,train
image_0680.png,0,0,1,0,0,1,1,1,1,0,val
image_0681.png,0,0,1,1,0,0,0,1,1,0,train
image_0682.png,1,1,1,0,1,1,0,0,0,1,val
image_0683.png,1,1,0,0,0,0,1,1,0,0,train
image_0684.png,1,0,0,1,0,1,1,0,1,1,train
image_0685.png,1,0,1,0,0,0,0,1,0,1,train
image_0686.png,0,1,1,1,0,0,0,0,0,1,train
image_0687.png,0,0,1,0,0,0,1,1,0,0,train
image_0688.png,1,1,1,0,0,1,0,1,1,1,val
image_0689.png,0,0,1,1,1,1,0,0,1,0,val
image_0690.png,0,1,0,1,0,0,0,0,0,0,train
image_0691.png,0,1,1,1,1,1,0,0,1,1,train
image_0692.png,1,0,0,1,0,1,0,1,0,1,train
image_0693.png,1,0,1,0,0,0,0,1,0,1,train
image_0694.png,1,0,0,1,0,1,0,1,1,1,train
image_0695.png,0,0,1,1,1,1,1,0,1,0,train
image_0696.png,1,1,1,1,1,1,0,0,1,1,val
image_0697.png,1,1,0,1,1,1,1,1,0,0,val
image_0698.png,0,1,0,0,1,1,0,1,0,0,train
image_0699.png,0,0,0,0,0,0,0,0,1,0,val
image_0700.png,0,1,1,1,1,1,0,0,0,1,train
image_0701.png,0,1,1,0,0,1,0,1,1,0,val
image_0702.png,0,0,1,1,1,1,0,1,1,0,train
image_0703.png,1,0,1,1,1,0,0,0,0,1,train
image_0704.png,1,0,0,1,1,0,1,0,0,0,train
image_0705.png,1,1,1,1,0,0,1,1,0,1,train
image_0706.png,1,1,1,0,0,0,0,1,1,1,train
image_0707.png,0,0,0,1,1,1,0,0,1,0,train
image_0708.png,1,0,1,1,0,1,0,0,1,1,train
image_0709.png,1,0,1,1,0,0,1,0,1,1,train
image_0710.png,0,1,0,0,1,0,1,0,1,0,train
image_0711.png,0,0,1,1,0,1,0,1,1,0,train
image_0712.png,1,0,0,0,1,1,1,0,1,0,train
image_0713.png,0,0,0,0,0,1,0,1,1,0,train
image_0714.png,1,1,1,0,0,0,0,1,0,1,train
image_0715.png,0,1,1,1,0,1,0,1,1,1,train
image_0716.png,0,0,0,0,1,0,0,0,1,0,val
image_0717.png,0,0,0,0,0,0,0,0,0,0,val
image_0718.png,1,0,1,0,0,0,0,0,0,1,train
image_0719.png,0,1,0,0,1,1,0,1,0,0,train
image_0720.png,1,1,1,0,0,0,1,0,1,1,train
image_0721.png,1,0,0,0,1,1,0,0,1,0,train
image_0722.png,0,1,1,1,1,1,0,1,0,1,val
image_0723.png,1,0,1,0,0,1,1,0,0,0,val
image_0724.png,0,1,1,1,1,1,0,0,0,1,train
image_0725.png,0,1,1,0,0,0,0,1,0,0,train
image_0726.png,0,1,0,1,0,0,0,1,1,0,train
image_0727.png,0,0,1,0,0,0,0,0,1,0,train
image_0728.png,0,0,0,1,0,1,0,1,1,0,train
image_0729.png,0,1,1,1,0,0,1,1,0,1,train
image_0730.png,1,0,1,0,1,0,1,0,0,0,train
image_0731.png,0,0,1,0,0,0,0,1,0,0,val
image_0732.png,1,0,1,0,0,1,1,1,0,1,train
image_0733.png,0,0,1,0,1,0,1,0,0,0,train
image_0734.png,1,1,0,0,0,0,1,1,1,0,train
image_0735.png,1,0,0,1,1,1,1,1,1,0,val
image_0736.png,0,0,0,0,0,1,0,1,0,0,train
image_0737.png,0,0,1,0,0,0,0,1,1,0,val
image_0738.png,1,0,1,1,0,0,0,0,0,1,val
image_0739.png,1,0,1,1,0,1,1,1,1,1,train
image_0740.png,1,1,0,0,1,0,1,0,0,0,train
image_0741.png,0,1,1,1,1,1,1,1,1,1,train
image_0742.png,0,0,0,1,0,1,0,0,1,0,train
image_0743.png,1,0,0,1,0,0,1,1,0,0,train
image_0744.png,1,0,0,1,0,0,0,1,0,0,train
image_0745.png,0,0,1,1,0,0,0,1,0,0,val
image_0746.png,1,1,0,0,1,1,1,0,1,0,val
image_0747.png,1,0,0,0,0,0,1,1,1,0,train
image_0748.png,1,1,1,0,0,0,0,1,1,1,train
image_0749.png,0,1,1,1,1,1,1,1,0,1,train
image_0750.png,1,0,0,0,1,1,1,0,1,0,train
image_0751.png,0,0,0,0,1,0,1,0,0,0,train
image_0752.png,0,1,1,1,1,1,1,1,1,1,train
image_0753.png,0,0,1,1,1,0,0,0,1,0,train
image_0754.png,1,1,1,0,1,1,1,1,0,1,train
image_0755.png,1,0,1,0,0,1,1,1,1,1,train
image_0756.png,0,1,0,1,0,1,0,0,1,1,train
image_0757.png,1,0,0,0,1,0,1,1,1,0,train
image_0758.png,0,0,0,0,1,0,0,0,0,0,train
image_0759.png,1,0,1,1,1,0,1,0,0,0,train
image_0760.png,0,1,1,0,0,0,0,1,1,0,train
image_0761.png,1,0,1,0,1,0,0,0,0,1,train
image_0762.png,0,0,1,0,0,1,1,0,0,0,val
image_0763.png,1,1,1,1,1,1,0,1,1,1,val
image_0764.png,0,1,1,1,1,1,1,0,1,1,val
image_0765.png,0,0,0,1,0,1,1,0,1,0,train
image_0766.png,1,0,0,1,1,0,0,1,1,0,val
image_0767.png,0,1,0,0,0,1,1,0,1,0,train
image_0768.png,0,1,1,0,1,1,1,0,0,0,val
image_0769.png,1,0,1,1,1,0,1,0,1,1,train
image_0770.png,0,1,0,1,1,1,0,1,0,0,val
image_0771.png,1,0,0,0,0,0,0,0,0,0,train
image_0772.png,1,1,0,0,1,1,1,0,0,0,val
image_0773.png,1,0,0,0,0,1,0,1,1,1,val
image_0774.png,1,1,0,0,0,0,1,1,1,0,train
image_0775.png,0,0,1,1,1,0,1,0,1,0,train
image_0776.png,1,0,0,1,1,1,0,0,1,0,train
image_0777.png,0,1,0,0,0,0,1,0,0,0,train
image_0778.png,0,1,0,0,1,0,1,0,1,0,train
image_0779.png,1,1,0,0,1,1,0,1,1,0,train
image_0780.png,1,1,1,0,1,0,0,1,0,1,train
image_0781.png,1,0,0,0,1,0,0,0,0,0,train
image_0782.png,1,0,0,0,1,1,1,0,0,0,train
image_0783.png,0,1,1,1,0,0,0,1,1,1,val
image_0784.png,0,1,1,1,1,0,1,1,1,1,val
image_0785.png,0,0,1,0,1,0,1,1,0,0,train
image_0786.png,1,1,0,1,1,0,0,1,0,0,train
image_0787.png,0,1,1,1,1,1,1,1,0,1,val
image_0788.png,1,1,1,0,1,1,0,1,0,1,train
image_0789.png,0,0,0,0,1,0,0,1,0,0,train
image_0790.png,1,0,0,0,1,1,0,1,0,0,val
image_0791.png,1,0,1,1,1,0,1,0,1,1,train
image_0792.png,0,0,1,0,0,1,0,0,0,0,train
image_0793.png,0,1,1,1,0,0,0,0,0,1,train
image_0794.png,1,0,1,1,0,0,1,1,1,1,train
image_0795.png,1,0,0,0,0,0,0,1,0,0,train
image_0796.png,0,0,0,0,1,1,1,1,0,0,train
image_0797.png,1,1,1,1,1,0,0,1,0,1,val
image_0798.png,0,0,1,0,0,0,1,0,0,0,val
image_0799.png,1,0,0,0,1,1,1,0,0,0,train
image_0800.png,1,0,1,0,0,0,0,0,0,1,val
image_0801.png,0,0,0,0,0,0,0,1,0,0,train
image_0802.png,0,0,0,1,0,1,0,0,0,0,train
image_0803.png,0,0,0,0,1,1,0,1,0,0,train
image_0804.png,0,1,0,0,1,1,0,1,0,0,train
image_0805.png,0,0,1,0,0,1,0,1,0,0,train
image_0806.png,1,1,0,1,1,1,1,1,0,0,train
image_0807.png,0,1,1,0,1,1,1,0,1,0,val
image_0808.png,1,0,0,0,0,1,1,1,1,1,val
image_0809.png,1,1,0,0,0,1,1,1,0,1,val
image_0810.png,0,1,0,1,1,0,1,0,0,0,train
image_0811.png,1,0,1,1,1,0,1,0,0,0,val
image_0812.png,1,0,1,1,1,1,0,1,1,1,val
image_0813.png,1,0,0,0,0,0,1,1,1,0,train
image_0814.png,1,0,1,1,1,0,0,0,0,1,train
image_0815.png,1,0,1,0,0,1,1,0,0,0,val
image_0816.png,0,0,1,0,1,1,0,0,0,0,train
image_0817.png,0,0,1,1,0,0,0,1,1,0,train
image_0818.png,1,1,0,0,1,0,0,0,1,0,val
image_0819.png,1,0,1,0,0,0,0,0,1,1,train
image_0820.png,0,0,1,1,1,1,1,0,0,0,train
image_0821.png,0,1,0,1,0,1,0,1,0,1,train
image_0822.png,0,1,1,1,1,1,1,0,1,1,train
image_0823.png,0,0,0,0,1,0,0,0,1,0,val
image_0824.png,0,0,1,1,0,1,1,0,0,0,train
image_0825.png,1,1,1,0,0,1,0,1,0,1,train
image_0826.png,1,0,0,1,0,1,1,0,1,1,train
image_0827.png,1,0,1,0,0,0,0,1,0,1,val
image_0828.png,0,0,0,1,1,1,0,0,1,0,train
image_0829.png,1,0,0,1,0,0,1,0,1,0,train
image_0830.png,0,0,1,1,1,0,0,1,1,0,train
image_0831.png,0,1,1,0,0,0,0,1,1,0,train
image_0832.png,0,0,1,0,1,1,1,1,0,0,val
image_0833.png,1,0,1,1,0,0,0,0,0,1,train
image_0834.png,0,1,0,1,0,0,0,0,1,0,train
image_0835.png,1,1,0,1,1,0,0,1,1,0,train
image_0836.png,0,1,1,0,0,1,0,1,1,0,train
image_0837.png,0,0,1,1,1,1,0,0,1,0,val
image_0838.png,1,0,0,1,0,1,0,1,0,1,train
image_0839.png,1,1,1,0,0,1,0,1,0,1,train
image_0840.png,0,0,1,1,1,1,0,1,0,0,train
image_0841.png,0,1,0,1,1,1,1,1,1,0,train
image_0842.png,1,1,1,1,1,1,1,0,0,0,train
image_0843.png,1,1,0,0,0,1,0,0,1,1,val
image_0844.png,0,1,1,1,1,1,1,1,0,1,train
image_0845.png,1,0,1,0,0,1,0,1,1,1,train
image_0846.png,1,0,0,1,1,1,1,1,0,0,train
image_0847.png,1,0,0,0,0,1,1,0,0,0,train
image_0848.png,1,1,1,1,1,1,0,0,0,1,train
image_0849.png,1,1,1,1,0,0,0,1,1,1,val
image_0850.png,1,0,0,0,1,1,0,0,1,0,train
image_0851.png,1,1,0,0,1,0,0,0,0,0,train
image_0852.png,1,1,1,1,1,0,0,0,0,1,train
image_0853.png,1,1,0,1,1,1,0,1,0,0,train
image_0854.png,0,1,1,0,0,1,0,1,1,0,val
image_0855.png,1,1,1,1,1,1,0,0,1,1,train
image_0856.png,1,1,0,0,1,0,0,0,0,0,train
image_0857.png,1,0,0,0,1,0,1,0,0,0,val
image_0858.png,0,0,0,0,0,1,1,1,1,0,train
image_0859.png,0,1,1,0,1,0,1,1,0,0,val
image_0860.png,0,1,0,0,1,1,1,0,1,0,train
image_0861.png,1,0,1,1,0,0,0,0,1,1,train
image_0862.png,1,0,0,0,1,0,1,1,1,0,train
image_0863.png,1,1,0,1,0,0,0,0,0,0,train
image_0864.png,1,0,0,1,1,1,1,1,1,0,train
image_0865.png,1,1,0,0,1,0,1,0,0,0,train
image_0866.png,0,1,1,1,1,0,1,0,0,0,train
image_0867.png,1,1,0,1,1,1,0,0,1,0,train
image_0868.png,1,0,1,0,1,0,0,0,0,1,val
image_0869.png,0,0,1,0,0,1,0,0,1,0,val
image_0870.png,1,0,0,0,0,1,1,0,0,0,train
image_0871.png,1,0,0,1,0,1,0,1,1,1,train
image_0872.png,0,0,0,1,0,0,0,1,1,0,train
image_0873.png,1,0,0,0,0,0,0,1,0,0,val
image_0874.png,0,0,1,1,1,0,0,1,0,0,train
image_0875.png,0,1,1,0,1,0,1,1,1,0,val
image_0876.png,0,1,1,1,0,0,0,0,0,1,train
image_0877.png,1,1,1,1,1,0,0,1,0,1,val
image_0878.png,0,0,0,0,1,0,0,0,0,0,train
image_0879.png,1,0,1,0,0,0,1,0,0,0,train
image_0880.png,0,1,1,1,0,1,0,0,1,1,train
image_0881.png,1,1,0,1,1,1,1,0,0,0,train
image_0882.png,0,0,0,1,1,1,1,1,0,0,train
image_0883.png,1,1,1,1,1,1,1,0,1,1,train
image_0884.png,1,0,1,0,1,0,0,0,0,1,train
image_0885.png,1,0,1,0,1,1,1,1,0,1,val
image_0886.png,0,1,1,0,1,0,1,0,0,0,train
image_0887.png,0,0,0,1,0,0,1,1,0,0,val
image_0888.png,0,0,1,1,0,0,0,0,1,0,val
image_0889.png,1,0,0,1,0,1,1,0,1,1,train
image_0890.png,0,0,0,1,0,0,1,0,0,0,val
image_0891.png,0,0,0,0,1,1,1,1,1,0,train
image_0892.png,1,1,1,1,0,0,0,1,1,1,val
image_0893.png,1,0,0,0,0,1,1,1,0,1,train
image_0894.png,0,1,1,0,0,1,1,1,1,0,train
image_0895.png,1,1,0,1,1,1,1,1,0,0,train
image_0896.png,1,0,0,0,0,0,0,0,0,0,train
image_0897.png,0,1,0,0,1,1,0,0,1,0,val
image_0898.png,0,1,1,1,0,0,0,0,1,1,val
image_0899.png,0,0,0,0,1,1,0,1,1,0,val
image_0900.png,1,0,1,1,0,0,0,0,0,1,train
image_0901.png,0,1,1,0,1,1,1,1,0,0,train
image_0902.png,1,1,1,0,1,1,0,0,1,1,train
image_0903.png,1,1,1,1,0,1,0,0,0,1,train
image_0904.png,1,1,1,0,0,1,1,1,0,1,train
image_0905.png,0,1,0,0,1,0,0,1,1,0,train
image_0906.png,1,0,0,0,0,1,0,0,0,1,val
image_0907.png,0,0,0,1,0,1,1,1,1,0,train
image_0908.png,0,1,1,0,1,1,1,1,0,0,val
image_0909.png,1,1,1,0,1,1,0,0,0,1,train
image_0910.png,1,1,0,1,0,0,1,0,0,0,train
image_0911.png,1,0,0,1,0,1,0,0,0,1,train
image_0912.png,1,0,0,0,1,1,0,0,1,0,val
image_0913.png,0,0,1,1,1,0,1,1,1,0,val
image_0914.png,0,1,0,0,0,0,0,0,0,0,train
image_0915.png,0,1,0,0,0,1,0,1,1,0,train
image_0916.png,1,0,1,0,0,0,0,0,1,1,train
image_0917.png,0,1,0,0,0,0,1,0,1,0,train
image_0918.png,1,1,0,1,0,0,1,1,1,0,val
image_0919.png,1,0,1,0,0,1,0,0,0,1,val
image_0920.png,0,0,1,0,1,0,1,1,1,0,val
image_0921.png,1,0,0,1,0,0,0,0,1,0,train
image_0922.png,1,1,0,1,0,0,1,0,1,0,train
image_0923.png,1,1,1,0,0,0,1,1,1,1,train
image_0924.png,0,1,1,0,1,1,1,0,0,0,train
image_0925.png,1,1,1,1,0,1,1,0,1,1,train
image_0926.png,1,1,1,1,1,1,1,1,0,1,train
image_0927.png,0,0,0,1,1,0,0,0,0,0,train
image_0928.png,0,1,1,0,1,0,1,0,0,0,train
image_0929.png,1,0,1,0,0,1,1,0,0,0,train
image_0930.png,1,0,0,1,0,1,1,0,0,0,train
image_0931.png,0,0,1,0,0,0,0,1,1,0,train
image_0932.png,0,0,0,1,0,0,0,1,1,0,train
image_0933.png,1,1,1,1,0,0,1,0,0,0,val
image_0934.png,0,0,1,0,1,1,1,1,1,0,train
image_0935.png,0,0,1,1,0,0,0,0,1,0,train
image_0936.png,1,1,1,1,1,1,0,1,1,1,train
image_0937.png,1,1,1,0,0,0,1,1,0,1,train
image_0938.png,0,1,1,1,1,1,1,1,0,1,train
image_0939.png,1,0,0,0,0,1,0,0,1,1,train
image_0940.png,0,1,0,0,1,1,1,1,0,0,train
image_0941.png,1,0,0,0,0,1,0,1,0,1,val
image_0942.png,1,0,1,0,0,1,0,1,1,1,train
image_0943.png,0,1,0,1,1,1,1,0,0,0,val
image_0944.png,0,0,1,1,0,0,0,0,0,0,train
image_0945.png,0,0,1,0,1,0,1,0,0,0,train
image_0946.png,0,1,1,1,0,1,0,1,0,1,train
image_0947.png,1,1,0,1,1,1,0,0,0,0,val
image_0948.png,1,0,0,0,0,0,1,0,1,0,train
image_0949.png,0,1,0,0,0,0,0,1,1,0,train
image_0950.png,1,0,1,1,0,1,0,1,1,1,train
image_0951.png,1,0,1,0,1,1,1,0,1,1,train
image_0952.png,1,0,0,0,0,1,1,1,0,1,train
image_0953.png,0,1,0,0,1,0,0,0,0,0,val
image_0954.png,1,1,0,0,1,0,1,1,0,0,val
image_0955.png,0,0,1,0,0,1,1,1,1,0,train
image_0956.png,1,0,1,0,0,1,0,0,0,1,train
image_0957.png,0,1,1,1,1,0,1,0,0,0,train
image_0958.png,1,0,0,0,1,0,1,1,0,0,train
image_0959.png,1,1,0,1,1,0,1,0,1,0,train
image_0960.png,1,0,0,1,1,1,1,1,0,0,train
image_0961.png,0,0,1,1,1,1,1,0,0,0,train
image_0962.png,0,0,0,0,1,0,1,1,0,0,train
image_0963.png,0,0,0,1,0,0,1,1,1,0,train
image_0964.png,0,0,0,1,1,0,1,0,0,0,val
image_0965.png,0,0,0,0,0,0,0,1,1,0,train
image_0966.png,0,0,0,1,0,0,1,1,1,0,train
image_0967.png,1,1,1,1,1,1,1,0,0,0,val
image_0968.png,1,1,0,0,0,1,0,1,1,1,train
image_0969.png,0,1,0,0,1,1,0,0,1,0,train
image_0970.png,0,0,1,0,0,1,1,0,1,0,train
image_0971.png,0,1,0,1,1,1,0,1,0,0,train
image_0972.png,0,1,1,1,0,1,0,1,0,1,val
image_0973.png,1,0,1,1,0,0,1,0,1,1,train
image_0974.png,0,0,0,1,0,1,0,1,0,0,val
image_0975.png,0,0,1,1,1,1,1,1,1,0,train
image_0976.png,0,0,0,1,1,0,0,0,0,0,train
image_0977.png,0,0,0,0,1,0,0,1,1,0,train
image_0978.png,1,1,1,0,0,0,1,1,0,1,val
image_0979.png,0,1,1,0,0,0,0,1,0,0,train
image_0980.png,0,1,1,1,0,0,1,1,0,1,train
image_0981.png,0,0,0,0,0,0,1,0,0,0,train
image_0982.png,1,1,1,0,1,1,1,0,1,1,val
image_0983.png,1,0,1,1,0,0,1,0,0,0,train
image_0984.png,0,0,0,0,1,1,1,1,1,0,train
image_0985.png,0,0,0,1,1,1,0,0,0,0,train
image_0986.png,1,0,1,0,1,0,0,0,1,1,train
image_0987.png,0,1,0,0,1,0,0,0,1,0,val
image_0988.png,0,1,0,1,0,0,0,1,0,0,train
image_0989.png,0,0,0,1,0,0,0,0,0,0,val
image_0990.png,0,1,1,1,1,0,1,1,0,1,train
image_0991.png,1,0,1,0,0,0,0,0,0,1,train
image_0992.png,0,1,1,1,0,0,0,1,0,1,train
image_0993.png,0,0,1,0,1,1,1,1,1,0,train
image_0994.png,0,0,1,1,1,0,1,0,0,0,train
image_0995.png,0,1,0,0,0,0,1,1,0,0,val
image_0996.png,0,0,0,0,0,1,1,1,0,0,train
image_0997.png,1,1,0,0,0,0,0,0,1,0,train
image_0998.png,0,0,1,0,0,1,0,0,1,0,train
image_0999.png,0,1,1,0,1,1,0,1,1,0,val
image_1000.png,0,1,1,1,0,0,0,1,0,1,val
image_1001.png,0,1,1,0,0,1,0,0,1,0,train
image_1002.png,1,0,0,0,1,1,1,0,0,0,train
image_1003.png,1,1,0,0,1,1,1,0,1,0,train
image_1004.png,1,0,0,1,1,1,0,1,0,0,train
image_1005.png,0,0,1,1,1,0,1,0,1,0,train
image_1006.png,0,1,0,1,0,1,1,1,0,1,train
image_1007.png,0,0,0,0,1,0,1,1,1,0,train
image_1008.png,1,0,0,1,1,1,1,1,1,0,val
image_1009.png,1,1,0,1,1,0,0,1,0,0,val
image_1010.png,0,0,1,0,0,1,1,0,0,0,val
image_1011.png,0,1,0,0,0,0,1,0,1,0,val
image_1012.png,1,0,1,0,1,1,0,0,0,1,val
image_1013.png,1,0,1,0,0,0,1,1,1,1,train
image_1014.png,0,1,1,0,0,1,1,0,1,0,train
image_1015.png,1,1,1,0,0,0,0,1,1,1,train
image_1016.png,0,0,1,1,1,1,1,1,0,0,train
image_1017.png,0,1,1,0,1,0,0,1,0,0,train
image_1018.png,0,0,1,0,0,0,1,1,1,0,train
image_1019.png,1,0,1,1,0,1,1,0,0,0,train
image_1020.png,1,0,1,0,1,0,1,1,0,1,train
image_1021.png,1,1,0,0,1,1,1,1,0,0,train
image_1022.png,1,1,0,0,0,0,0,1,1,0,train
image_1023.png,0,0,1,0,0,0,0,0,1,0,val
image_1024.png,0,1,1,1,1,1,1,1,0,1,train
image_1025.png,0,0,1,1,1,0,0,0,1,0,train
image_1026.png,1,0,1,1,0,0,0,0,1,1,train
image_1027.png,1,1,0,0,0,1,0,0,1,1,train
image_1028.png,1,0,1,0,0,1,1,1,0,1,train
image_1029.png,1,0,1,0,1,0,0,1,0,1,train
image_1030.png,0,1,0,0,1,0,0,0,0,0,train
image_1031.png,0,0,0,0,1,0,1,0,1,0,val
image_1032.png,0,0,0,1,1,0,0,0,1,0,train
image_1033.png,1,1,0,1,1,1,0,0,1,0,val
image_1034.png,1,0,0,0,0,1,1,0,0,0,train
image_1035.png,0,0,1,1,0,0,1,0,1,0,val
image_1036.png,0,1,1,0,1,0,0,0,0,0,train
image_1037.png,0,1,0,1,0,1,1,0,0,0,train
image_1038.png,0,1,0,0,0,1,1,0,0,0,train
image_1039.png,1,1,0,1,0,0,1,1,1,0,train
image_1040.png,0,0,1,1,0,1,1,1,0,0,train
image_1041.png,0,0,1,0,1,0,1,1,1,0,train
image_1042.png,1,1,0,1,0,0,0,0,0,0,val
image_1043.png,0,0,0,0,1,0,1,0,0,0,val
image_1044.png,0,0,1,0,0,1,1,1,0,0,val
image_1045.png,1,0,1,0,0,1,0,1,0,1,train
image_1046.png,1,0,0,0,1,1,0,0,0,0,train
image_1047.png,0,0,0,1,1,0,0,0,1,0,train
image_1048.png,1,0,1,1,1,0,0,0,1,1,train
image_1049.png,1,0,0,1,0,1,1,0,0,0,train
image_1050.png,0,0,1,0,0,1,0,0,1,0,train
image_1051.png,0,0,1,0,0,1,1,0,0,0,train
image_1052.png,0,0,1,0,1,1,0,0,1,0,train
image_1053.png,0,0,0,1,0,1,1,1,0,0,val
image_1054.png,1,0,1,0,0,1,1,1,0,1,val
image_1055.png,0,0,0,1,0,0,0,0,0,0,train
image_1056.png,0,1,1,0,0,0,1,0,0,0,val
image_1057.png,0,1,1,0,1,0,1,0,0,0,train
image_1058.png,1,1,0,1,0,0,0,1,1,0,train
image_1059.png,0,0,1,0,0,0,1,0,0,0,train
image_1060.png,0,1,0,0,1,0,0,1,1,0,train
image_1061.png,0,0,1,1,0,0,0,1,0,0,train
image_1062.png,1,1,1,1,0,1,1,1,1,1,train
image_1063.png,1,0,1,0,0,0,0,1,1,1,train
image_1064.png,1,1,0,0,0,1,0,1,1,1,train
image_1065.png,1,1,1,0,0,0,0,1,1,1,train
image_1066.png,1,0,1,0,1,1,1,0,1,1,train
image_1067.png,0,0,0,0,0,0,1,0,0,0,train
image_1068.png,1,0,1,0,1,1,1,1,1,1,train
image_1069.png,1,1,1,1,0,0,0,0,0,1,train
image_1070.png,1,1,1,1,0,1,1,1,0,1,train
image_1071.png,1,0,1,1,0,0,1,0,0,0,train
image_1072.png,1,0,0,1,1,1,1,0,1,0,train
image_1073.png,1,0,1,1,1,0,0,0,1,1,train
image_1074.png,0,0,1,1,1,0,1,0,0,0,train
image_1075.png,0,1,0,0,1,0,1,0,1,0,val
image_1076.png,0,0,0,1,1,0,1,0,0,0,val
image_1077.png,1,1,1,1,1,0,1,1,1,1,train
image_1078.png,0,0,1,0,0,1,1,0,0,0,val
image_1079.png,0,0,1,1,1,0,0,1,0,0,train
image_1080.png,1,1,0,0,1,0,1,1,1,0,train
image_1081.png,0,1,0,0,0,1,0,1,1,0,train
image_1082.png,1,0,0,0,0,1,1,0,1,1,train
image_1083.png,0,1,0,0,0,0,0,0,0,0,train
image_1084.png,1,1,0,1,1,0,1,1,0,0,train
image_1085.png,1,0,0,1,0,1,0,0,0,1,train
image_1086.png,1,1,0,0,1,0,1,1,0,0,train
image_1087.png,1,0,1,1,1,0,1,1,1,1,val
image_1088.png,0,1,0,1,1,1,1,1,1,0,val
image_1089.png,1,1,1,0,0,0,0,0,1,1,val
image_1090.png,1,0,0,1,1,1,0,1,1,0,train
image_1091.png,0,0,0,1,1,1,0,0,0,0,train
image_1092.png,1,0,0,1,0,0,1,0,1,0,train
image_1093.png,0,0,0,0,0,1,0,1,1,0,train
image_1094.png,1,0,0,0,1,0,1,0,0,0,train
image_1095.png,1,0,1,1,0,0,1,1,1,1,train
image_1096.png,1,0,0,1,1,0,1,0,1,0,val
image_1097.png,1,0,1,1,1,1,0,0,1,1,train
image_1098.png,1,0,0,1,0,1,0,0,0,1,train
image_1099.png,1,0,1,0,1,1,1,1,1,1,train
image_1100.png,1,1,0,0,0,0,0,1,1,0,train
image_1101.png,0,0,0,0,0,0,0,1,0,0,train
image_1102.png,1,1,1,1,1,1,0,0,1,1,train
image_1103.png,1,1,0,1,0,1,1,0,0,0,train
image_1104.png,0,0,1,0,1,1,0,1,1,0,train
image_1105.png,0,0,1,1,0,0,0,0,1,0,train
image_1106.png,1,0,0,1,0,0,1,1,1,0,train
image_1107.png,0,0,1,0,1,0,0,0,1,0,val
image_1108.png,1,0,1,0,1,0,0,0,1,1,val
image_1109.png,0,0,0,1,1,1,0,0,0,0,train
image_1110.png,0,0,1,0,0,1,1,0,0,0,val
image_1111.png,0,0,0,1,0,0,0,0,1,0,train
image_1112.png,1,0,0,1,0,0,0,1,1,0,train
image_1113.png,0,0,1,1,0,0,0,0,1,0,val
image_1114.png,1,0,1,0,0,1,0,0,0,1,train
image_1115.png,1,1,1,0,1,0,1,0,1,1,train
image_1116.png,1,0,0,1,0,1,0,0,0,1,train
image_1117.png,0,1,1,0,1,1,0,0,1,0,train
image_1118.png,1,0,1,1,0,1,0,0,1,1,train
image_1119.png,1,0,1,1,0,1,0,1,0,1,val
image_1120.png,1,0,0,1,1,1,1,0,1,0,train
image_1121.png,0,1,1,1,1,1,0,0,1,1,val
image_1122.png,0,0,1,1,1,0,0,1,0,0,train
image_1123.png,0,0,0,0,1,1,0,1,0,0,train
image_1124.png,0,1,1,0,0,0,1,1,1,0,train
image_1125.png,0,1,0,0,1,1,1,0,0,0,train
image_1126.png,1,1,0,1,1,0,1,1,1,0,train
image_1127.png,1,0,0,0,0,1,0,1,0,1,train
image_1128.png,0,0,1,0,0,0,1,0,0,0,train
image_1129.png,1,1,1,1,1,0,1,0,1,1,val
image_1130.png,0,1,1,1,0,1,0,1,1,1,train
image_1131.png,0,1,1,1,1,0,0,0,1,1,train
image_1132.png,1,1,1,0,1,0,0,0,1,1,train
image_1133.png,1,1,1,0,1,1,0,0,0,1,train
image_1134.png,1,0,0,1,0,0,0,0,1,0,train
image_1135.png,1,0,0,0,0,0,0,0,1,0,train
image_1136.png,0,1,1,1,1,1,1,0,0,0,train
image_1137.png,1,0,0,1,1,0,0,1,1,0,train
image_1138.png,1,0,1,1,0,0,0,0,1,1,train
image_1139.png,1,0,0,0,0,1,1,0,1,1,val
image_1140.png,1,1,1,0,1,1,0,0,0,1,val
image_1141.png,0,0,1,1,0,0,1,1,1,0,train
image_1142.png,1,1,1,1,1,0,1,1,0,1,train
image_1143.png,0,1,1,1,1,1,0,1,0,1,val
image_1144.png,0,1,1,1,1,0,1,0,0,0,train
image_1145.png,0,1,0,0,0,1,0,1,1,0,train
image_1146.png,1,0,1,1,0,0,1,0,1,1,train
image_1147.png,0,0,0,1,0,0,0,1,1,0,train
image_1148.png,1,1,1,0,0,0,1,1,0,1,train
image_1149.png,0,1,1,0,1,0,0,0,1,0,val
image_1150.png,1,0,1,0,0,0,1,1,1,1,train
image_1151.png,0,0,0,0,0,0,1,0,0,0,train
image_1152.png,1,1,0,0,0,1,0,1,1,1,train
image_1153.png,1,0,0,1,1,1,1,1,0,0,train
image_1154.png,0,0,1,1,1,1,1,0,1,0,train
image_1155.png,0,1,1,1,1,0,0,0,0,1,val
image_1156.png,1,0,0,0,0,0,1,0,0,0,train
image_1157.png,1,1,0,1,1,1,0,0,1,0,train
image_1158.png,1,0,1,1,0,0,1,0,0,0,val
image_1159.png,1,0,1,1,0,0,1,0,0,0,train
image_1160.png,1,1,0,1,0,0,0,0,0,0,val
image_1161.png,1,1,1,1,0,0,1,1,0,1,train
image_1162.png,0,0,1,1,1,0,0,0,0,0,train
image_1163.png,0,0,0,0,1,0,0,1,0,0,train
image_1164.png,0,0,1,0,0,1,1,0,0,0,val
image_1165.png,1,0,1,1,0,0,1,0,0,0,train
image_1166.png,0,1,0,1,1,1,1,0,1,0,train
image_1167.png,1,0,0,0,1,0,1,0,1,0,train
image_1168.png,1,0,0,1,1,1,1,0,1,0,val
image_1169.png,0,1,1,1,1,0,0,1,0,1,val
image_1170.png,1,1,0,0,1,0,1,1,1,0,val
image_1171.png,0,0,1,0,1,1,1,1,0,0,train
image_1172.png,1,0,1,0,0,1,0,1,1,1,train
image_1173.png,1,1,1,1,1,1,0,1,1,1,train
image_1174.png,1,0,0,1,1,1,0,0,1,0,train
image_1175.png,1,1,0,1,0,1,1,0,0,0,val
image_1176.png,1,0,1,1,0,0,1,0,0,0,train
image_1177.png,1,0,0,1,1,1,1,1,0,0,train
image_1178.png,1,1,1,1,0,0,0,0,1,1,train
image_1179.png,0,0,0,1,0,1,1,1,1,0,train
image_1180.png,1,1,1,0,1,1,1,1,1,1,train
image_1181.png,0,0,1,0,1,0,1,0,1,0,train
image_1182.png,0,0,1,0,0,0,1,1,0,0,train
image_1183.png,1,0,1,0,0,0,0,1,1,1,train
image_1184.png,1,1,1,1,0,0,0,0,1,1,val
image_1185.png,1,0,1,0,1,1,0,1,1,1,val
image_1186.png,1,0,0,1,1,1,1,0,0,0,train
image_1187.png,0,1,0,0,0,1,0,0,0,0,train
image_1188.png,0,0,0,1,0,1,1,0,1,0,train
image_1189.png,1,1,1,0,1,0,1,1,1,1,train
image_1190.png,1,1,1,1,1,1,1,0,0,0,train
image_1191.png,0,0,1,1,1,1,0,0,1,0,train
image_1192.png,1,1,1,1,1,0,0,0,1,1,val
image_1193.png,0,0,0,0,0,0,0,0,0,0,train
image_1194.png,1,0,0,0,1,0,1,0,0,0,train
image_1195.png,1,1,0,0,0,1,0,0,0,1,train
image_1196.png,1,1,1,0,0,1,0,0,1,1,val
image_1197.png,0,1,1,0,1,0,0,1,0,0,train
image_1198.png,0,0,0,1,1,1,0,1,1,0,train
image_1199.png,0,1,1,0,1,1,0,0,0,0,val
image_1200.png,0,1,1,0,0,1,0,1,1,0,train
image_1201.png,0,1,0,0,1,1,0,1,1,0,train
image_1202.png,1,0,1,0,0,1,1,0,0,0,train
image_1203.png,0,0,0,1,0,0,1,1,1,0,train
image_1204.png,1,0,0,1,1,1,1,1,0,0,train
image_1205.png,0,1,1,0,1,0,1,0,0,0,train
image_1206.png,0,0,0,0,0,0,0,0,0,0,val
image_1207.png,1,1,1,1,0,1,0,1,0,1,train
image_1208.png,0,0,0,1,1,1,1,1,1,0,train
image_1209.png,1,1,0,0,0,1,1,1,0,1,train
image_1210.png,0,1,1,1,0,0,1,0,1,1,val
image_1211.png,0,1,1,0,1,1,0,0,0,0,train
image_1212.png,0,0,1,0,1,0,1,0,0,0,train
image_1213.png,1,1,1,0,1,1,1,1,1,1,val
image_1214.png,0,1,0,1,1,0,1,0,0,0,train
image_1215.png,0,0,1,0,0,0,1,0,1,0,train
image_1216.png,0,0,1,0,0,0,1,0,0,0,train
image_1217.png,1,1,0,1,0,0,0,1,0,0,train
image_1218.png,1,1,0,0,0,0,1,1,0,0,train
image_1219.png,1,0,1,0,0,0,1,0,0,0,train
image_1220.png,0,0,0,1,1,0,0,1,0,0,train
image_1221.png,1,1,1,0,1,1,1,0,0,0,train
image_1222.png,0,0,1,0,1,0,0,0,1,0,train
image_1223.png,1,0,1,1,1,1,0,0,0,1,train
image_1224.png,0,0,0,1,1,1,0,1,1,0,train
image_1225.png,1,0,1,1,1,0,1,0,1,1,train
image_1226.png,0,1,0,0,1,1,0,0,1,0,train
image_1227.png,1,1,0,1,1,1,0,1,0,0,val
image_1228.png,1,1,1,1,0,0,0,1,0,1,val
image_1229.png,1,0,1,1,1,0,0,0,0,1,train
image_1230.png,0,1,0,0,1,0,1,1,1,0,val
image_1231.png,0,1,1,1,1,0,0,1,1,1,train
image_1232.png,0,0,0,1,0,0,0,1,1,0,train
image_1233.png,0,0,0,0,0,1,0,1,0,0,train
image_1234.png,1,0,0,1,1,0,0,0,1,0,val
image_1235.png,0,1,0,1,1,0,1,0,0,0,train
image_1236.png,0,1,0,1,0,0,1,0,0,0,train
image_1237.png,0,1,1,1,0,1,1,0,0,0,train
image_1238.png,0,0,1,1,1,0,1,0,0,0,train
image_1239.png,1,0,0,0,0,1,0,0,1,1,train
image_1240.png,1,0,1,1,1,1,0,0,1,1,train
image_1241.png,0,1,0,1,0,1,0,1,0,1,train
image_1242.png,0,1,1,0,1,0,0,1,0,0,val
image_1243.png,0,1,0,1,1,1,0,1,1,0,train
image_1244.png,0,0,0,0,0,0,1,1,0,0,train
image_1245.png,1,1,1,0,1,0,0,1,0,1,train
image_1246.png,1,0,1,1,0,0,1,1,1,1,train
image_1247.png,0,0,1,0,1,0,1,0,1,0,train
image_1248.png,1,0,0,1,0,1,1,0,0,0,train
image_1249.png,1,0,0,0,0,1,0,1,1,1,train
image_1250.png,1,0,1,1,0,0,0,1,1,1,train
image_1251.png,0,1,1,1,1,1,1,1,0,1,train
image_1252.png,0,1,1,1,0,1,0,0,1,1,train
image_1253.png,1,1,1,1,0,0,1,0,1,1,val
image_1254.png,1,0,0,1,0,0,0,0,1,0,train
image_1255.png,1,0,0,1,1,1,1,1,1,0,train
image_1256.png,1,1,0,0,0,0,0,1,1,0,train
image_1257.png,1,1,0,1,0,0,0,1,0,0,train
image_1258.png,1,0,0,1,0,0,1,1,1,0,train
image_1259.png,0,1,1,1,0,1,0,0,1,1,train
image_1260.png,1,1,1,0,0,0,0,0,1,1,train
image_1261.png,0,0,0,0,1,1,1,1,1,0,train
image_1262.png,0,1,0,0,0,1,1,1,1,0,train
image_1263.png,1,0,1,1,1,0,1,1,0,1,train
image_1264.png,1,1,0,0,0,0,1,0,0,0,val
image_1265.png,1,0,0,1,0,1,1,0,0,0,val
image_1266.png,1,0,1,1,1,0,0,1,1,1,train
image_1267.png,0,0,0,1,0,0,1,1,1,0,val
image_1268.png,0,0,1,1,1,0,1,0,1,0,train
image_1269.png,1,1,0,1,1,0,1,0,0,0,train
image_1270.png,1,0,1,1,0,0,1,0,0,0,train
image_1271.png,1,1,1,0,0,1,1,0,0,0,train
image_1272.png,1,1,0,1,1,1,0,0,1,0,train
image_1273.png,1,0,0,0,1,1,1,0,1,0,train
image_1274.png,0,1,1,0,0,1,0,0,1,0,train
image_1275.png,0,0,1,0,1,0,0,1,0,0,train
image_1276.png,1,0,0,0,0,1,0,0,0,1,train
image_1277.png,0,1,0,1,0,0,1,0,1,0,train
image_1278.png,0,1,1,1,0,0,1,0,1,1,train
image_1279.png,0,1,0,0,0,1,0,0,1,0,val
image_1280.png,1,0,1,0,1,0,0,0,0,1,train
image_1281.png,0,1,1,1,0,1,1,0,1,1,train
image_1282.png,0,0,1,0,0,1,0,0,0,0,train
image_1283.png,1,0,0,0,0,1,1,0,1,1,train
image_1284.png,0,0,1,0,0,1,0,0,1,0,train
image_1285.png,1,1,0,1,1,1,1,1,1,0,train
image_1286.png,0,1,1,0,1,1,0,0,0,0,val
image_1287.png,1,1,1,1,0,1,1,1,1,1,val
image_1288.png,0,0,0,1,1,1,0,1,0,0,train
image_1289.png,0,1,0,1,0,1,0,1,0,1,train
image_1290.png,1,0,0,1,1,0,0,0,0,0,train
image_1291.png,1,1,1,1,0,1,1,1,0,1,train
image_1292.png,0,1,0,0,1,1,1,1,0,0,train
image_1293.png,0,0,0,1,0,0,0,0,1,0,train
image_1294.png,1,1,1,0,0,0,0,0,1,1,val
image_1295.png,0,0,0,0,0,0,1,1,0,0,train
image_1296.png,0,0,0,0,1,0,1,1,1,0,train
image_1297.png,1,0,1,0,1,0,0,0,1,1,train
image_1298.png,1,1,0,1,0,1,0,1,0,1,train
image_1299.png,0,0,0,1,1,1,0,0,1,0,train
image_1300.png,0,1,0,0,0,0,0,1,0,0,train
image_1301.png,0,1,0,0,1,0,0,1,0,0,train
image_1302.png,0,0,1,0,0,1,1,0,1,0,val
image_1303.png,0,0,0,0,0,1,1,0,1,0,train
image_1304.png,1,1,0,0,0,1,1,0,1,1,val
image_1305.png,1,1,1,1,1,0,1,1,1,1,train
image_1306.png,0,0,0,0,0,1,0,0,1,0,train
image_1307.png,1,0,0,0,1,0,0,0,0,0,val
image_1308.png,0,0,0,1,1,1,0,1,0,0,val
image_1309.png,1,1,1,1,0,1,0,0,0,1,train
image_1310.png,1,0,0,1,0,1,1,1,0,1,val
image_1311.png,1,1,0,1,0,1,0,0,0,1,val
image_1312.png,1,0,1,1,1,1,0,0,0,1,train
image_1313.png,1,1,1,1,1,1,1,0,1,1,val
image_1314.png,1,1,0,0,1,0,1,0,0,0,train
image_1315.png,0,0,0,0,1,0,0,0,0,0,train
image_1316.png,0,0,1,1,1,0,1,1,1,0,train
image_1317.png,0,1,0,1,0,1,1,0,1,1,train
image_1318.png,1,0,0,0,1,1,1,1,0,0,val
image_1319.png,0,1,0,1,0,1,0,0,0,1,train
image_1320.png,1,0,0,0,0,0,1,0,0,0,train
image_1321.png,1,0,1,1,0,0,1,1,1,1,train
image_1322.png,0,1,0,1,0,0,1,0,1,0,train
image_1323.png,1,1,1,0,1,1,0,0,0,1,train
image_1324.png,0,0,1,1,0,0,1,0,0,0,val
image_1325.png,1,1,0,0,0,1,1,1,1,1,train
image_1326.png,1,0,1,0,1,1,1,1,0,1,val
image_1327.png,0,1,0,1,1,1,1,1,0,0,val
image_1328.png,0,0,0,1,1,1,1,1,1,0,train
image_1329.png,1,0,1,0,0,1,1,1,0,1,train
image_1330.png,0,1,0,0,0,1,0,0,0,0,train
image_1331.png,1,1,1,1,1,0,1,0,0,0,train
image_1332.png,0,0,1,1,1,1,0,0,0,0,val
image_1333.png,0,1,0,1,1,0,1,0,1,0,train
image_1334.png,1,1,1,1,0,0,0,1,1,1,train
image_1335.png,0,0,0,1,0,0,1,1,1,0,train
image_1336.png,1,0,1,0,1,0,1,1,1,1,val
image_1337.png,0,0,1,1,0,0,0,0,1,0,train
image_1338.png,1,0,1,1,1,1,0,0,1,1,train
image_1339.png,0,0,0,1,0,0,1,1,1,0,val
image_1340.png,0,1,0,0,0,0,1,0,1,0,train
image_1341.png,1,1,0,1,1,0,1,0,1,0,train
image_1342.png,0,0,1,1,1,1,1,0,0,0,train
image_1343.png,1,1,0,1,1,1,1,1,1,0,train
image_1344.png,0,0,1,0,1,0,0,0,0,0,val
image_1345.png,1,1,1,0,1,0,1,0,0,0,val
image_1346.png,1,0,1,0,0,1,1,0,1,1,train
image_1347.png,0,1,0,0,1,0,1,0,0,0,train
image_1348.png,0,0,1,1,0,0,0,0,0,0,train
image_1349.png,1,0,0,1,1,0,1,0,1,0,train
image_1350.png,0,0,1,1,1,1,1,0,1,0,train
image_1351.png,0,1,0,0,0,0,1,0,0,0,val
image_1352.png,1,0,0,1,1,1,1,1,1,0,train
image_1353.png,1,1,0,1,0,0,0,1,0,0,train
image_1354.png,1,0,1,0,0,1,0,1,0,1,train
image_1355.png,1,0,0,1,1,0,1,1,0,0,train
image_1356.png,1,1,1,1,0,1,1,1,1,1,train
image_1357.png,1,0,1,0,1,1,1,0,0,0,train
image_1358.png,0,0,0,1,1,0,0,0,0,0,train
image_1359.png,0,0,0,0,1,0,0,0,0,0,val
image_1360.png,0,1,1,1,1,1,0,0,0,1,val
image_1361.png,1,0,0,1,1,1,0,1,0,0,val
image_1362.png,0,0,1,0,1,1,0,0,1,0,train
image_1363.png,0,1,1,0,1,1,1,0,0,0,val
image_1364.png,1,0,1,0,1,0,0,1,1,1,train
image_1365.png,0,0,0,1,1,1,0,1,0,0,train
image_1366.png,0,1,1,0,0,0,1,1,0,0,train
image_1367.png,1,0,0,1,0,0,1,0,1,0,train
image_1368.png,0,1,1,0,1,1,1,0,1,0,train
image_1369.png,1,0,0,1,1,1,1,1,0,0,train
image_1370.png,1,0,0,0,0,1,0,1,0,1,train
image_1371.png,1,1,0,1,0,0,1,0,1,0,val
image_1372.png,1,1,1,1,1,1,1,0,1,1,train
image_1373.png,1,0,1,0,0,1,1,0,0,0,train
image_1374.png,0,0,0,0,0,1,0,0,1,0,train
image_1375.png,1,0,1,0,0,0,0,1,1,1,train
image_1376.png,0,1,1,0,1,0,1,1,0,0,train
image_1377.png,0,0,0,1,1,0,1,1,1,0,train
image_1378.png,0,0,1,1,0,1,1,0,1,0,train
image_1379.png,0,1,1,0,1,1,0,1,1,0,train
image_1380.png,0,1,1,1,0,0,0,1,1,1,train
image_1381.png,0,0,0,1,1,0,0,1,0,0,train
image_1382.png,1,0,0,1,1,1,0,1,0,0,val
image_1383.png,1,0,0,1,1,0,1,1,0,0,train
image_1384.png,0,1,1,0,1,1,0,0,1,0,val
image_1385.png,1,0,1,1,1,0,1,0,1,1,train
image_1386.png,0,0,0,0,0,0,0,0,0,0,val
image_1387.png,1,1,1,1,1,0,1,0,1,1,val
image_1388.png,1,1,1,1,0,0,0,0,1,1,val
image_1389.png,1,1,0,1,0,0,0,0,1,0,val
image_1390.png,1,1,1,1,1,1,1,1,0,1,train
image_1391.png,0,1,0,0,1,0,0,0,1,0,train
image_1392.png,0,1,1,0,0,0,1,1,0,0,train
image_1393.png,1,1,1,1,1,0,1,0,0,0,val
image_1394.png,0,0,1,0,1,0,1,1,0,0,val
image_1395.png,1,1,0,1,0,1,0,1,0,1,train
image_1396.png,1,0,0,1,0,1,1,1,1,1,train
image_1397.png,0,1,1,0,0,1,0,1,0,0,train
image_1398.png,0,0,1,1,1,0,0,0,0,0,train
image_1399.png,0,0,1,0,1,0,1,1,0,0,train
image_1400.png,1,1,0,0,0,0,0,0,1,0,val
image_1401.png,1,0,0,0,1,0,1,0,1,0,train
image_1402.png,1,0,1,0,1,1,0,0,1,1,train
image_1403.png,0,0,1,1,1,0,0,1,0,0,train
image_1404.png,0,1,0,1,1,0,1,0,1,0,train
image_1405.png,0,0,0,0,1,0,0,1,1,0,train
image_1406.png,0,1,0,0,1,0,1,1,0,0,train
image_1407.png,1,0,0,1,0,0,1,0,0,0,val
image_1408.png,1,1,1,0,0,0,0,0,0,1,train
image_1409.png,0,0,1,0,0,0,1,0,0,0,train
image_1410.png,1,0,1,1,1,1,1,1,0,1,train
image_1411.png,0,0,1,0,1,1,0,1,0,0,train
image_1412.png,0,0,0,1,1,1,0,0,0,0,val
image_1413.png,1,1,0,0,0,1,1,0,1,1,train
image_1414.png,1,0,0,1,0,0,1,1,0,0,val
image_1415.png,0,1,0,1,0,0,0,0,0,0,train
image_1416.png,1,1,1,0,0,1,0,0,0,1,train
image_1417.png,0,0,0,0,0,0,1,1,1,0,train
image_1418.png,0,0,0,1,0,1,0,0,1,0,train
image_1419.png,0,0,0,0,1,0,1,1,1,0,val
image_1420.png,1,0,1,0,1,0,0,0,1,1,train
image_1421.png,1,0,1,0,1,0,0,0,0,1,train
image_1422.png,0,1,0,0,1,1,1,0,1,0,train
image_1423.png,1,0,0,1,1,0,1,1,0,0,train
image_1424.png,0,1,1,1,0,1,0,0,1,1,train
image_1425.png,1,1,0,1,1,1,1,0,1,0,train
image_1426.png,1,0,0,0,0,1,0,0,0,1,train
image_1427.png,1,1,0,0,0,1,0,1,0,1,val
image_1428.png,1,1,0,1,0,1,0,1,1,1,train
image_1429.png,0,0,0,0,0,1,1,1,1,0,train
image_1430.png,0,1,0,0,0,0,1,0,0,0,val
image_1431.png,1,0,1,0,1,1,0,0,1,1,train
image_1432.png,0,1,0,0,1,0,0,1,1,0,train
image_1433.png,0,0,1,1,0,0,0,1,1,0,train
image_1434.png,0,0,0,0,1,1,1,1,1,0,train
image_1435.png,0,0,1,1,1,0,0,0,0,0,train
image_1436.png,0,0,1,1,1,1,1,0,0,0,val
image_1437.png,1,0,0,0,1,0,1,1,0,0,train
image_1438.png,0,0,1,0,0,0,1,1,1,0,val
image_1439.png,1,1,1,0,1,1,0,0,0,1,train
image_1440.png,0,1,0,0,0,1,1,1,0,0,val
image_1441.png,1,0,1,0,0,1,1,1,1,1,train
image_1442.png,1,1,0,0,0,0,1,1,0,0,train
image_1443.png,1,0,0,1,0,1,0,0,0,1,train
image_1444.png,0,0,0,1,1,1,1,1,1,0,val
image_1445.png,1,0,1,0,0,0,0,0,1,1,val
image_1446.png,0,1,1,0,1,1,1,0,0,0,train
image_1447.png,1,1,1,1,0,1,1,1,1,1,train
image_1448.png,0,0,0,1,0,1,1,0,0,0,train
image_1449.png,0,0,0,0,1,1,1,1,1,0,val
image_1450.png,0,0,0,1,0,0,0,0,0,0,val
image_1451.png,1,1,1,0,0,1,0,0,0,1,train
image_1452.png,1,1,0,1,0,0,1,0,1,0,train
image_1453.png,1,0,0,0,0,1,1,1,1,1,val
image_1454.png,1,1,0,0,1,1,1,0,0,0,val
image_1455.png,1,0,0,1,1,0,0,0,0,0,train
image_1456.png,0,0,1,0,1,0,1,1,1,0,train
image_1457.png,1,1,0,0,0,0,0,1,0,0,train
image_1458.png,1,0,1,0,1,1,1,1,0,1,train
image_1459.png,0,1,0,0,0,1,0,0,0,0,val
image_1460.png,0,0,0,0,1,1,0,1,1,0,train
image_1461.png,0,0,0,1,0,1,1,1,1,0,train
image_1462.png,1,0,0,1,0,0,0,0,1,0,val
image_1463.png,1,0,0,1,0,0,0,1,0,0,train
image_1464.png,1,0,0,0,1,0,0,0,1,0,val
image_1465.png,1,1,1,0,0,0,0,0,0,1,val
image_1466.png,0,0,0,0,1,0,1,1,1,0,train
image_1467.png,0,0,0,0,1,1,0,1,0,0,train
image_1468.png,0,0,0,0,0,1,1,1,0,0,val
image_1469.png,0,0,1,1,0,0,1,0,0,0,val
image_1470.png,0,0,0,0,0,0,0,0,0,0,train
image_1471.png,1,1,1,1,1,0,1,0,0,0,train
image_1472.png,1,1,1,1,1,0,1,1,0,1,train
image_1473.png,0,1,1,1,0,0,1,1,1,1,train
image_1474.png,0,0,0,1,1,1,0,0,0,0,train
image_1475.png,0,0,0,1,0,1,1,1,1,0,train
image_1476.png,1,1,1,0,0,1,0,0,1,1,val
image_1477.png,0,0,0,1,0,1,0,1,1,0,train
image_1478.png,0,0,1,1,1,0,1,0,1,0,train
image_1479.png,0,0,0,0,0,1,1,1,0,0,val
image_1480.png,1,1,0,1,1,1,1,0,1,0,train
image_1481.png,1,0,1,1,0,0,1,0,1,1,train
image_1482.png,1,0,0,1,1,0,0,0,0,0,train
image_1483.png,0,1,1,0,0,0,0,0,1,0,train
image_1484.png,1,0,1,1,1,1,0,1,0,1,val
image_1485.png,1,1,0,1,1,1,1,0,1,0,train
image_1486.png,1,0,1,1,1,0,1,0,0,0,train
image_1487.png,0,0,1,1,0,1,1,1,0,0,train
image_1488.png,0,1,1,1,0,1,1,0,1,1,train
image_1489.png,1,0,0,1,1,0,0,0,0,0,train
image_1490.png,1,0,0,1,0,0,1,0,1,0,val
image_1491.png,0,0,0,0,1,0,0,1,1,0,train
image_1492.png,0,0,0,0,0,1,0,0,1,0,train
image_1493.png,1,0,1,0,0,1,0,1,1,1,val
image_1494.png,1,0,0,0,0,0,0,1,1,0,train
image_1495.png,1,0,1,0,0,1,0,1,1,1,train
image_1496.png,0,0,1,0,0,1,0,0,1,0,val
image_1497.png,0,0,1,1,1,1,0,1,0,0,val
image_1498.png,0,0,1,1,0,0,1,1,1,0,train
image_1499.png,0,1,0,0,1,1,0,0,1,0,train
image_1500.png,0,0,1,1,0,0,1,0,1,0,train
image_1501.png,0,0,1,1,0,1,0,0,0,0,val
image_1502.png,1,0,1,0,1,0,1,1,1,1,val
image_1503.png,1,1,0,0,0,1,0,1,0,1,train
image_1504.png,1,1,0,0,0,0,0,0,1,0,train
image_1505.png,1,1,0,0,1,1,1,0,0,0,train
image_1506.png,0,1,1,1,0,0,1,0,0,0,train
image_1507.png,1,1,1,1,1,1,1,0,1,1,train
image_1508.png,0,0,1,0,0,0,0,1,0,0,val
image_1509.png,0,0,0,0,1,1,0,0,0,0,train
image_1510.png,0,0,1,1,0,0,1,0,1,0,train
image_1511.png,0,0,0,0,1,1,0,0,1,0,train
image_1512.png,1,1,0,0,1,0,1,1,1,0,train
image_1513.png,1,0,0,0,0,1,1,1,1,1,train
image_1514.png,0,0,1,1,1,0,1,1,0,0,train
image_1515.png,1,0,0,0,0,1,1,1,1,1,val
image_1516.png,1,1,1,1,1,0,0,1,1,1,train
image_1517.png,1,0,1,0,0,1,0,1,1,1,train
image_1518.png,0,0,1,1,1,0,1,0,0,0,train
image_1519.png,0,0,0,0,0,0,0,0,0,0,train
image_1520.png,1,1,0,1,0,0,0,0,0,0,train
image_1521.png,0,1,1,1,0,0,1,0,1,1,train
image_1522.png,1,0,1,1,0,1,0,0,0,1,train
image_1523.png,0,1,0,0,1,0,0,0,0,0,train
image_1524.png,0,0,1,0,1,0,0,1,0,0,train
image_1525.png,0,0,1,1,0,0,1,1,1,0,train
image_1526.png,1,1,0,1,0,0,1,0,1,0,train
image_1527.png,0,1,1,1,1,1,1,1,1,1,train
image_1528.png,0,0,0,0,1,0,0,0,0,0,train
image_1529.png,0,0,1,1,1,1,1,0,0,0,train
image_1530.png,0,1,1,1,1,0,0,0,0,1,train
image_1531.png,0,1,1,0,0,0,1,0,0,0,train
image_1532.png,0,1,0,0,0,0,0,1,1,0,train
image_1533.png,1,0,0,1,0,1,1,0,1,1,train
image_1534.png,1,1,1,0,0,0,1,1,1,1,train
image_1535.png,0,1,0,1,1,0,0,0,0,0,train
image_1536.png,1,0,1,1,1,0,1,1,1,1,train
image_1537.png,1,0,1,1,1,0,0,1,0,1,train
image_1538.png,0,0,0,1,1,1,1,0,1,0,train
image_1539.png,1,0,1,1,1,1,1,0,0,0,val
image_1540.png,1,0,1,1,1,1,1,0,0,0,train
image_1541.png,0,0,0,0,1,0,0,1,1,0,train
image_1542.png,0,0,1,1,0,1,0,0,1,0,train
image_1543.png,0,0,0,0,1,0,0,1,1,0,train
image_1544.png,1,1,1,0,1,0,1,1,1,1,train
image_1545.png,1,0,1,0,0,0,0,0,0,1,train
image_1546.png,1,1,1,0,0,1,0,1,0,1,val
image_1547.png,0,1,1,0,0,0,0,1,0,0,val
image_1548.png,0,1,1,1,1,0,0,1,1,1,train
image_1549.png,1,1,0,0,0,1,1,0,0,0,train
image_1550.png,0,1,1,1,1,0,1,0,0,0,train
image_1551.png,1,1,1,0,0,0,1,0,0,0,train
image_1552.png,1,1,1,0,0,0,1,0,1,1,val
image_1553.png,1,0,0,1,0,0,1,0,0,0,val
image_1554.png,0,1,0,0,1,1,0,0,1,0,val
image_1555.png,0,0,1,0,0,1,1,1,0,0,val
image_1556.png,1,1,1,1,1,0,0,0,1,1,val
image_1557.png,0,0,0,1,0,1,1,0,1,0,train
image_1558.png,1,0,0,0,1,1,1,0,0,0,train
image_1559.png,0,0,0,1,0,1,0,0,1,0,val
image_1560.png,0,1,1,1,0,0,1,1,0,1,train
image_1561.png,0,0,0,1,0,0,1,1,0,0,val
image_1562.png,0,1,0,0,1,1,1,1,1,0,train
image_1563.png,0,0,1,0,0,1,0,0,0,0,val
image_1564.png,1,0,1,1,0,0,0,1,0,1,train
image_1565.png,0,1,1,0,1,0,1,0,1,0,train
image_1566.png,0,0,0,1,0,0,0,1,1,0,val
image_1567.png,1,0,0,0,1,0,1,1,1,0,train
image_1568.png,0,0,1,1,0,0,0,1,1,0,train
image_1569.png,0,0,0,1,0,1,1,0,0,0,train
image_1570.png,1,0,0,0,1,0,1,1,1,0,train
image_1571.png,1,1,0,1,1,1,1,1,1,0,train
image_1572.png,0,0,0,1,0,1,0,1,0,0,train
image_1573.png,0,1,0,1,0,0,1,0,0,0,train
image_1574.png,1,1,0,1,1,0,1,1,0,0,train
image_1575.png,1,0,1,1,0,1,0,0,1,1,val
image_1576.png,0,1,0,1,0,1,1,0,1,1,train
image_1577.png,1,0,1,1,0,0,1,1,1,1,train
image_1578.png,0,0,0,1,0,0,0,1,1,0,train
image_1579.png,1,0,0,1,1,1,0,0,0,0,train
image_1580.png,1,0,1,1,0,0,0,0,0,1,train
image_1581.png,1,1,0,1,1,0,1,1,0,0,val
image_1582.png,1,1,0,0,1,1,0,1,0,0,val
image_1583.png,1,1,0,0,1,1,1,1,0,0,train
image_1584.png,1,0,0,0,0,0,0,1,1,0,train
image_1585.png,1,1,0,1,0,1,0,1,1,1,val
image_1586.png,1,1,1,0,0,1,0,0,0,1,train
image_1587.png,1,0,1,0,1,0,0,1,1,1,train
image_1588.png,0,1,1,1,0,0,0,1,0,1,val
image_1589.png,0,1,0,1,1,1,1,0,0,0,train
image_1590.png,1,1,0,0,1,0,0,0,1,0,train
image_1591.png,0,1,1,1,0,0,0,1,1,1,val
image_1592.png,1,0,1,1,1,1,1,1,0,1,train
image_1593.png,1,1,1,0,0,1,0,0,0,1,train
image_1594.png,0,0,1,0,0,1,1,1,0,0,train
image_1595.png,1,0,1,0,1,0,1,0,0,0,train
image_1596.png,1,0,1,1,0,1,0,0,0,1,train
image_1597.png,0,0,0,1,0,0,0,0,0,0,train
image_1598.png,1,0,1,1,0,1,0,0,0,1,train
image_1599.png,0,1,1,1,0,0,0,0,1,1,train
image_1600.png,0,1,0,0,0,0,0,1,1,0,train
image_1601.png,1,0,0,0,0,1,1,1,0,1,train
image_1602.png,1,0,0,0,0,1,1,1,1,1,train
image_1603.png,0,0,0,0,0,0,0,1,1,0,train
image_1604.png,1,0,1,1,1,0,0,0,1,1,val
image_1605.png,1,0,0,0,0,1,1,0,1,1,train
image_1606.png,1,1,0,1,1,1,0,0,1,0,train
image_1607.png,0,0,0,0,0,0,0,0,1,0,train
image_1608.png,1,0,0,1,0,0,0,1,0,0,train
image_1609.png,1,0,0,1,1,1,1,0,1,0,train
image_1610.png,0,1,1,0,1,1,0,1,1,0,train
image_1611.png,0,1,0,0,0,1,1,1,0,0,train
image_1612.png,1,0,0,0,0,0,0,1,1,0,train
image_1613.png,1,0,1,1,1,1,1,0,0,0,val
image_1614.png,0,0,0,0,0,1,1,1,1,0,val
image_1615.png,0,0,0,0,0,0,0,0,1,0,train
image_1616.png,0,0,1,0,1,1,1,0,0,0,train
image_1617.png,1,0,1,1,0,1,0,1,1,1,train
image_1618.png,1,0,0,0,0,0,0,0,0,0,train
image_1619.png,0,0,0,1,1,1,0,1,1,0,train
image_1620.png,0,1,0,0,0,0,1,0,1,0,train
image_1621.png,1,0,1,0,1,0,1,1,1,1,train
image_1622.png,0,0,0,0,1,1,1,0,0,0,train
image_1623.png,0,0,0,0,0,0,1,1,1,0,train
image_1624.png,1,1,1,1,0,1,1,0,1,1,val
image_1625.png,1,0,1,0,0,0,1,1,0,1,train
image_1626.png,1,1,0,0,0,0,0,0,0,0,train
image_1627.png,0,0,0,0,1,1,1,1,0,0,val
image_1628.png,0,1,1,1,1,0,1,0,0,0,train
image_1629.png,0,1,0,1,0,1,1,0,0,0,val
image_1630.png,1,0,1,0,0,1,0,0,0,1,train
image_1631.png,1,1,1,1,1,0,1,0,1,1,train
image_1632.png,0,0,1,1,1,0,0,0,1,0,val
image_1633.png,1,0,1,0,1,0,0,0,0,1,train
image_1634.png,0,0,1,0,0,0,1,1,1,0,train
image_1635.png,0,1,1,1,0,0,1,0,1,1,val
image_1636.png,1,1,1,1,1,0,1,0,1,1,train
image_1637.png,1,0,1,1,0,1,0,1,0,1,train
image_1638.png,1,0,1,0,0,1,1,0,0,0,train
image_1639.png,1,0,0,1,1,1,0,0,1,0,train
image_1640.png,1,1,1,0,1,0,0,1,1,1,train
image_1641.png,0,0,1,1,0,1,0,0,1,0,train
image_1642.png,0,0,0,1,1,0,1,0,0,0,train
image_1643.png,1,1,0,0,0,0,1,1,1,0,val
image_1644.png,1,1,1,0,1,0,0,1,1,1,val
image_1645.png,1,0,0,0,0,0,0,0,1,0,train
image_1646.png,1,1,0,1,1,1,0,1,0,0,train
image_1647.png,1,0,0,0,1,1,1,0,1,0,train
image_1648.png,0,1,1,0,0,1,1,0,1,0,train
image_1649.png,1,0,0,0,0,1,0,1,1,1,val
image_1650.png,1,1,0,1,1,1,0,1,0,0,train
image_1651.png,0,0,0,0,0,1,1,0,0,0,train
image_1652.png,1,1,1,0,1,1,0,1,0,1,train
image_1653.png,1,0,0,1,0,1,0,0,0,1,train
image_1654.png,1,0,1,1,1,0,0,1,1,1,train
image_1655.png,0,0,0,0,0,1,0,1,1,0,train
image_1656.png,1,0,1,1,1,0,0,1,0,1,val
image_1657.png,0,1,0,0,1,1,1,0,1,0,val
image_1658.png,1,1,1,1,0,0,0,0,0,1,train
image_1659.png,1,1,0,1,1,0,1,0,0,0,val
image_1660.png,0,0,1,0,1,1,1,1,1,0,train
image_1661.png,0,0,0,0,0,0,0,1,1,0,train
image_1662.png,1,1,0,1,0,0,0,1,0,0,train
image_1663.png,1,1,1,0,0,1,0,0,0,1,train
image_1664.png,0,0,1,1,0,1,0,1,0,0,train
image_1665.png,1,1,1,1,1,1,0,0,0,1,train
image_1666.png,1,0,1,0,0,1,0,0,0,1,train
image_1667.png,1,0,1,1,0,0,0,0,0,1,train
image_1668.png,0,1,1,1,0,1,0,0,1,1,train
image_1669.png,0,0,1,1,0,0,1,0,0,0,train
image_1670.png,0,0,0,1,1,1,1,0,1,0,train
image_1671.png,0,1,0,1,0,0,0,0,1,0,train
image_1672.png,0,0,0,1,0,0,1,1,1,0,train
image_1673.png,0,0,0,0,1,0,0,1,0,0,val
image_1674.png,0,0,0,1,1,1,1,1,0,0,train
image_1675.png,0,1,0,1,0,0,1,0,1,0,train
image_1676.png,0,0,1,1,1,0,1,1,0,0,train
image_1677.png,0,0,1,1,0,0,1,0,0,0,train
image_1678.png,0,1,0,0,0,1,1,1,1,0,train
image_1679.png,0,1,1,0,0,0,0,1,0,0,val
image_1680.png,0,0,1,0,0,0,1,1,1,0,val
image_1681.png,1,0,0,1,0,0,1,1,1,0,val
image_1682.png,0,0,0,1,1,0,1,1,0,0,train
image_1683.png,0,1,0,1,0,1,1,0,1,1,train
image_1684.png,0,1,0,1,1,0,1,0,1,0,train
image_1685.png,1,0,0,1,1,0,0,0,0,0,train
image_1686.png,0,0,1,1,1,0,0,0,0,0,train
image_1687.png,0,0,0,0,1,0,1,1,0,0,train
image_1688.png,0,0,0,1,0,1,1,0,1,0,train
image_1689.png,0,0,1,0,0,1,1,0,0,0,val
image_1690.png,0,1,1,0,0,0,1,1,1,0,train
image_1691.png,1,1,0,1,1,1,0,1,1,0,train
image_1692.png,1,0,1,0,0,1,0,1,0,1,train
image_1693.png,0,1,0,1,1,0,1,1,0,0,train
image_1694.png,1,1,0,1,1,1,1,1,0,0,train
image_1695.png,1,1,1,0,0,0,0,0,1,1,train
image_1696.png,1,1,0,0,1,0,1,0,0,0,train
image_1697.png,1,0,1,1,0,1,1,1,1,1,train
image_1698.png,1,0,1,0,1,1,0,0,1,1,train
image_1699.png,1,0,1,1,0,1,1,0,1,1,val
image_1700.png,1,0,1,1,0,1,1,1,1,1,val
image_1701.png,0,0,1,1,1,1,1,1,0,0,val
image_1702.png,1,0,0,0,1,0,1,1,1,0,train
image_1703.png,0,0,1,1,0,1,1,0,0,0,train
image_1704.png,1,1,0,0,0,1,1,1,1,1,train
image_1705.png,0,1,0,1,1,0,0,1,1,0,train
image_1706.png,0,0,1,0,1,0,1,0,0,0,train
image_1707.png,1,1,1,0,0,0,1,1,0,1,train
image_1708.png,0,0,0,1,1,1,0,0,0,0,val
image_1709.png,1,1,0,0,0,1,0,1,1,1,train
image_1710.png,1,1,1,0,1,1,1,0,0,0,train
image_1711.png,1,0,1,1,1,1,0,1,1,1,val
image_1712.png,1,0,1,0,0,1,1,1,1,1,train
image_1713.png,0,1,0,0,0,0,1,1,1,0,train
image_1714.png,0,1,1,1,0,1,0,0,0,1,train
image_1715.png,1,1,1,1,1,0,1,0,1,1,train
image_1716.png,0,0,0,0,1,0,0,0,1,0,train
image_1717.png,0,1,0,1,1,1,1,1,1,0,train
image_1718.png,0,1,0,0,0,0,1,0,1,0,train
image_1719.png,1,1,0,0,1,1,1,1,1,0,train
image_1720.png,0,0,1,1,0,0,0,0,0,0,train
image_1721.png,0,1,0,0,0,0,0,0,0,0,train
image_1722.png,0,0,0,0,1,0,1,0,0,0,train
image_1723.png,0,0,0,0,0,1,1,0,0,0,train
image_1724.png,0,1,0,0,1,0,0,0,1,0,train
image_1725.png,0,0,1,1,0,0,1,0,1,0,train
image_1726.png,1,1,1,0,0,1,0,0,1,1,train
image_1727.png,1,1,0,1,1,0,1,0,0,0,train
image_1728.png,1,0,0,1,1,1,0,1,0,0,train
image_1729.png,0,0,1,1,1,1,0,1,0,0,train
image_1730.png,0,1,1,0,1,0,0,0,1,0,train
image_1731.png,0,0,1,0,0,1,0,1,1,0,train
image_1732.png,0,1,0,0,0,1,0,1,0,0,train
image_1733.png,1,0,1,0,1,1,1,1,0,1,val
image_1734.png,0,1,0,0,1,0,0,1,1,0,val
image_1735.png,1,1,1,1,0,0,1,1,0,1,train
image_1736.png,1,0,1,1,1,0,0,0,1,1,val
image_1737.png,0,1,0,1,0,0,0,0,0,0,val
image_1738.png,1,0,1,1,1,1,1,1,0,1,train
image_1739.png,1,0,0,1,1,1,1,1,1,0,train
image_1740.png,1,0,0,1,1,0,0,0,1,0,train
image_1741.png,0,0,0,0,0,0,0,0,0,0,train
image_1742.png,0,0,0,1,0,1,1,1,1,0,train
image_1743.png,0,0,1,0,1,1,1,1,1,0,val
image_1744.png,1,1,1,0,1,1,0,0,0,1,train
image_1745.png,1,0,1,0,1,0,1,1,0,1,val
image_1746.png,1,1,0,1,1,1,1,0,1,0,train
image_1747.png,0,0,1,1,1,1,1,1,1,0,train
image_1748.png,0,0,0,1,0,0,1,1,1,0,train
image_1749.png,1,0,1,0,1,0,0,1,1,1,val
image_1750.png,0,0,1,1,0,0,0,1,1,0,train
image_1751.png,0,0,0,0,0,1,1,1,1,0,train
image_1752.png,0,1,1,1,0,0,1,0,0,0,val
image_1753.png,1,1,0,1,1,1,0,1,1,0,train
image_1754.png,1,0,1,0,0,0,1,0,1,1,train
image_1755.png,1,0,0,0,1,1,1,0,1,0,train
image_1756.png,0,0,1,0,1,0,1,0,0,0,train
image_1757.png,1,1,1,0,0,0,1,1,1,1,val
image_1758.png,0,0,1,0,0,0,0,1,1,0,train
image_1759.png,1,1,0,1,1,0,1,0,1,0,train
image_1760.png,1,0,1,0,1,0,0,0,0,1,train
image_1761.png,1,1,0,0,1,0,1,1,1,0,train
image_1762.png,1,0,0,0,0,0,1,0,0,0,val
image_1763.png,0,1,1,1,0,0,0,0,1,1,train
image_1764.png,0,1,0,0,1,1,0,1,1,0,train
image_1765.png,1,0,0,0,1,0,0,1,1,0,train
image_1766.png,1,1,1,1,1,0,0,0,1,1,train
image_1767.png,0,1,1,1,1,1,0,0,0,1,val
image_1768.png,1,0,0,1,1,0,1,0,1,0,val
image_1769.png,0,0,0,0,1,0,0,1,1,0,val
image_1770.png,0,0,0,1,1,1,1,1,1,0,val
image_1771.png,0,0,0,0,1,0,0,1,0,0,train
image_1772.png,0,1,0,0,1,0,0,1,0,0,train
image_1773.png,0,0,1,0,1,1,1,1,0,0,train
image_1774.png,1,1,0,1,1,1,1,1,1,0,train
image_1775.png,1,0,0,0,0,0,0,0,1,0,train
image_1776.png,1,1,0,1,1,1,1,0,1,0,train
image_1777.png,0,0,0,0,0,0,1,1,0,0,train
image_1778.png,0,1,1,0,0,1,1,0,1,0,train
image_1779.png,0,0,1,0,0,0,0,0,1,0,train
image_1780.png,0,0,1,0,1,0,1,0,1,0,train
image_1781.png,1,0,0,0,1,0,0,1,1,0,train
image_1782.png,1,0,0,0,0,1,1,1,1,1,val
image_1783.png,0,1,0,1,0,0,1,0,1,0,train
image_1784.png,0,0,0,1,1,1,1,1,0,0,train
image_1785.png,1,1,0,0,1,1,0,1,0,0,train
image_1786.png,1,1,0,0,0,0,0,0,0,0,train
image_1787.png,1,0,1,1,1,0,1,1,1,1,train
image_1788.png,0,0,0,0,1,0,0,1,0,0,train
image_1789.png,1,0,1,0,1,1,0,0,1,1,train
image_1790.png,1,0,1,1,0,1,1,1,0,1,train
image_1791.png,1,0,0,0,0,1,0,0,0,1,train
image_1792.png,0,1,1,1,1,1,0,0,1,1,train
image_1793.png,0,0,1,0,1,1,0,1,0,0,val
image_1794.png,0,1,1,0,0,0,0,0,1,0,train
image_1795.png,0,0,0,1,1,0,0,0,0,0,train
image_1796.png,0,0,1,0,1,0,0,0,1,0,train
image_1797.png,0,1,1,1,0,1,1,1,0,1,train
image_1798.png,0,1,1,1,1,0,0,0,1,1,val
image_1799.png,0,1,0,0,0,1,1,0,1,0,val
image_1800.png,1,0,1,1,1,1,1,0,0,0,train
image_1801.png,0,0,1,0,0,0,0,1,1,0,train
image_1802.png,1,1,1,0,1,0,0,0,0,1,val
image_1803.png,0,0,1,0,1,0,1,1,1,0,train
image_1804.png,0,1,0,0,1,1,0,0,0,0,val
image_1805.png,1,1,0,1,0,1,1,1,0,1,val
image_1806.png,1,0,1,0,1,1,1,0,1,1,train
image_1807.png,0,0,0,1,1,1,0,0,1,0,train
image_1808.png,0,1,1,1,1,0,1,0,1,1,train
image_1809.png,1,1,1,0,1,0,1,1,0,1,train
image_1810.png,0,0,1,0,1,0,1,1,1,0,val
image_1811.png,1,0,0,1,1,1,1,1,0,0,train
image_1812.png,0,1,0,0,0,0,1,1,1,0,train
image_1813.png,1,1,0,1,0,1,0,1,0,1,train
image_1814.png,1,1,0,0,0,1,0,0,1,1,train
image_1815.png,1,1,1,1,1,0,0,1,0,1,val
image_1816.png,0,0,1,0,0,1,1,1,1,0,train
image_1817.png,0,0,1,0,1,1,1,0,1,0,train
image_1818.png,1,0,1,1,1,0,0,0,0,1,train
image_1819.png,1,1,1,0,1,0,0,1,1,1,train
image_1820.png,1,0,0,1,1,1,0,0,0,0,train
image_1821.png,0,1,0,0,0,0,1,1,0,0,val
image_1822.png,1,0,1,0,1,1,0,0,0,1,train
image_1823.png,0,0,0,0,1,0,0,1,1,0,train
image_1824.png,1,0,1,1,1,1,0,1,0,1,val
image_1825.png,0,1,0,0,0,1,0,0,0,0,train
image_1826.png,0,1,0,1,0,1,1,1,0,1,train
image_1827.png,1,1,0,0,1,0,1,0,0,0,train
image_1828.png,0,0,1,1,1,0,1,1,0,0,train
image_1829.png,0,1,0,0,1,1,0,1,0,0,val
image_1830.png,1,1,0,0,1,0,1,1,1,0,train
image_1831.png,1,0,1,0,1,0,1,1,1,1,train
image_1832.png,0,0,0,1,1,1,1,1,0,0,train
image_1833.png,1,0,0,1,1,1,0,0,1,0,train
image_1834.png,1,1,1,0,1,0,0,1,1,1,train
image_1835.png,0,0,0,0,1,0,0,0,1,0,train
image_1836.png,0,1,1,0,1,0,1,0,1,0,train
image_1837.png,1,1,1,0,1,1,1,1,0,1,val
image_1838.png,0,0,0,0,0,0,0,1,0,0,val
image_1839.png,0,0,0,0,0,1,0,1,1,0,train
image_1840.png,1,0,1,0,0,0,0,0,0,1,train
image_1841.png,1,0,0,1,0,1,1,0,0,0,train
image_1842.png,0,1,0,0,0,0,0,1,0,0,train
image_1843.png,0,0,0,0,0,0,0,1,1,0,train
image_1844.png,0,0,1,1,0,0,0,1,1,0,train
image_1845.png,0,1,0,1,1,0,1,1,1,0,val
image_1846.png,0,1,0,0,1,0,0,1,0,0,train
image_1847.png,1,0,1,1,1,1,0,0,0,1,val
image_1848.png,0,0,0,1,1,1,0,1,0,0,val
image_1849.png,1,0,1,0,0,0,1,1,0,1,train
image_1850.png,1,1,0,0,1,0,0,0,1,0,train
image_1851.png,1,1,1,0,1,0,1,0,0,0,train
image_1852.png,1,1,1,1,1,1,1,1,0,1,train
image_1853.png,0,0,1,0,0,1,0,0,1,0,train
image_1854.png,0,0,0,0,0,1,0,0,0,0,train
image_1855.png,0,0,0,1,0,0,0,0,1,0,val
image_1856.png,1,1,0,1,0,1,0,0,1,1,train
image_1857.png,0,0,0,1,1,1,0,1,1,0,val
image_1858.png,0,1,0,0,1,1,0,1,0,0,train
image_1859.png,1,0,1,1,0,1,0,1,0,1,val
image_1860.png,1,0,0,0,0,0,0,0,1,0,val
image_1861.png,0,0,0,0,1,1,1,1,1,0,train
image_1862.png,0,1,1,1,1,0,0,1,1,1,val
image_1863.png,1,0,0,1,1,1,1,1,1,0,train
image_1864.png,1,0,1,0,1,1,0,0,1,1,train
image_1865.png,1,1,1,1,0,1,0,1,1,1,val
image_1866.png,0,0,1,1,1,0,0,0,0,0,val
image_1867.png,0,0,0,0,0,1,0,1,1,0,train
image_1868.png,0,1,0,1,0,0,1,0,1,0,train
image_1869.png,1,1,1,0,0,1,1,1,0,1,train
image_1870.png,1,0,1,0,0,0,0,0,1,1,val
image_1871.png,1,1,0,0,1,0,0,1,0,0,train
image_1872.png,0,0,1,1,0,0,0,0,1,0,train
image_1873.png,1,0,0,1,0,0,0,0,0,0,train
image_1874.png,0,1,0,0,1,1,0,1,1,0,train
image_1875.png,0,0,1,0,0,1,0,1,1,0,train
image_1876.png,1,0,1,0,0,0,0,0,1,1,val
image_1877.png,0,0,0,1,0,1,0,1,0,0,val
image_1878.png,1,0,0,0,1,1,1,0,0,0,train
image_1879.png,0,1,1,0,0,1,1,0,0,0,train
image_1880.png,1,0,0,1,1,0,0,1,1,0,train
image_1881.png,1,1,0,1,0,1,1,1,0,1,train
image_1882.png,1,0,1,0,0,0,1,1,0,1,val
image_1883.png,1,0,0,1,1,1,0,1,1,0,val
image_1884.png,1,1,1,0,0,0,1,0,1,1,train
image_1885.png,1,1,0,0,0,1,0,0,0,1,train
image_1886.png,0,1,0,1,1,0,0,1,1,0,train
image_1887.png,0,1,0,0,1,0,1,1,0,0,train
image_1888.png,1,1,1,1,1,0,1,1,1,1,train
image_1889.png,1,0,1,0,0,0,1,1,0,1,train
image_1890.png,1,0,1,0,0,1,0,1,1,1,val
image_1891.png,0,0,0,0,0,1,0,1,0,0,train
image_1892.png,1,0,0,0,0,0,0,1,1,0,train
image_1893.png,0,0,0,1,1,1,0,1,0,0,train
image_1894.png,1,0,1,0,0,0,0,0,1,1,train
image_1895.png,0,1,0,1,0,0,0,0,0,0,train
image_1896.png,0,1,1,1,1,1,1,0,0,0,val
image_1897.png,0,1,0,0,1,1,0,0,0,0,train
image_1898.png,0,1,1,1,0,1,1,0,1,1,train
image_1899.png,0,1,1,0,0,0,0,1,0,0,train
image_1900.png,1,1,0,1,0,0,0,1,1,0,train
image_1901.png,1,1,1,1,1,1,0,0,0,1,train
image_1902.png,1,0,0,1,1,1,1,0,0,0,val
image_1903.png,0,0,1,1,0,1,0,0,0,0,train
image_1904.png,0,1,0,1,0,1,0,1,0,1,train
image_1905.png,0,1,0,1,0,1,1,1,0,1,val
image_1906.png,1,0,0,1,1,0,0,1,1,0,train
image_1907.png,1,1,0,1,1,1,0,1,0,0,train
image_1908.png,1,1,0,0,1,1,1,1,0,0,train
image_1909.png,0,0,1,0,1,0,0,0,1,0,train
image_1910.png,0,0,1,0,0,1,1,0,1,0,train
image_1911.png,0,1,1,1,0,1,0,0,0,1,val
image_1912.png,1,0,1,1,1,0,0,1,1,1,train
image_1913.png,0,0,1,1,1,0,1,0,1,0,train
image_1914.png,1,1,1,1,1,1,0,0,0,1,val
image_1915.png,1,0,1,1,0,1,1,0,1,1,train
image_1916.png,0,1,1,0,1,0,0,0,1,0,train
image_1917.png,1,0,1,0,0,1,0,1,0,1,val
image_1918.png,1,1,0,1,0,1,1,0,0,0,val
image_1919.png,0,1,1,1,0,1,1,1,0,1,val
image_1920.png,0,1,1,1,0,0,1,1,1,1,val
image_1921.png,1,0,0,0,0,0,0,0,1,0,train
image_1922.png,0,1,0,0,0,1,1,1,1,0,train
image_1923.png,1,0,0,1,0,0,1,0,1,0,train
image_1924.png,0,0,0,0,1,1,1,1,1,0,train
image_1925.png,0,1,1,0,1,1,1,0,1,0,train
image_1926.png,1,1,0,1,0,1,1,0,0,0,train
image_1927.png,0,1,0,0,0,1,1,1,0,0,train
image_1928.png,0,1,1,0,1,1,0,0,0,0,train
image_1929.png,0,1,0,0,1,1,0,0,1,0,val
image_1930.png,1,1,0,0,0,1,1,0,1,1,train
image_1931.png,1,1,1,1,0,1,0,0,0,1,train
image_1932.png,1,0,1,0,0,1,1,0,0,0,val
image_1933.png,0,1,0,0,1,1,1,0,0,0,val
image_1934.png,1,0,1,0,1,1,0,0,0,1,val
image_1935.png,1,0,1,0,0,1,1,0,1,1,val
image_1936.png,0,0,1,0,1,1,1,1,0,0,val
image_1937.png,0,0,0,0,1,1,1,0,1,0,val
image_1938.png,1,0,1,0,1,1,0,0,0,1,train
image_1939.png,1,0,0,1,0,0,1,0,0,0,train
image_1940.png,0,1,1,1,0,0,0,1,0,1,val
image_1941.png,0,0,0,1,0,0,1,1,0,0,train
image_1942.png,1,0,1,1,1,1,0,0,1,1,val
image_1943.png,1,0,0,1,0,0,0,1,1,0,train
image_1944.png,0,0,1,1,1,1,0,0,0,0,train
image_1945.png,0,0,1,0,0,0,0,1,1,0,train
image_1946.png,0,0,1,0,0,0,0,1,1,0,val
image_1947.png,1,0,0,1,1,1,1,1,0,0,val
image_1948.png,1,1,0,0,1,1,1,1,0,0,train
image_1949.png,1,1,0,0,0,0,1,1,1,0,train
image_1950.png,0,1,0,0,0,1,1,0,0,0,train
image_1951.png,0,0,1,0,1,0,0,1,0,0,train
image_1952.png,1,1,0,1,1,0,1,1,0,0,train
image_1953.png,0,1,1,0,0,1,0,1,1,0,train
image_1954.png,0,1,1,1,1,0,1,1,0,1,train
image_1955.png,1,0,1,1,1,0,0,1,1,1,train
image_1956.png,0,0,0,1,0,1,0,0,1,0,train
image_1957.png,1,1,1,0,1,0,1,1,1,1,train
image_1958.png,0,0,0,0,0,1,1,0,1,0,train
image_1959.png,0,0,0,1,0,0,1,0,0,0,train
image_1960.png,0,0,0,0,0,0,0,1,1,0,train
image_1961.png,1,1,1,0,0,1,0,0,0,1,train
image_1962.png,0,1,1,1,0,0,1,1,0,1,train
image_1963.png,1,1,0,0,1,0,1,1,0,0,train
image_1964.png,1,0,0,1,1,1,0,1,1,0,train
image_1965.png,1,1,0,0,1,1,0,1,0,0,val
image_1966.png,0,0,0,0,1,0,1,0,0,0,train
image_1967.png,1,1,0,1,0,0,0,1,1,0,val
image_1968.png,1,0,0,0,1,1,0,0,0,0,train
image_1969.png,1,0,1,0,0,1,0,0,1,1,val
image_1970.png,1,0,1,1,0,0,0,1,0,1,val
image_1971.png,0,0,0,1,0,1,0,1,1,0,train
image_1972.png,0,1,0,1,0,0,0,0,0,0,val
image_1973.png,1,0,0,0,1,0,1,1,1,0,train
image_1974.png,1,0,0,0,0,1,1,0,0,0,train
image_1975.png,1,0,1,1,0,1,1,1,1,1,train
image_1976.png,1,1,1,0,0,0,0,1,0,1,train
image_1977.png,0,1,1,0,1,0,0,1,0,0,train
image_1978.png,1,1,0,1,1,1,1,0,0,0,train
image_1979.png,1,1,1,1,0,1,1,1,1,1,train
image_1980.png,0,0,0,1,0,1,0,0,0,0,train
image_1981.png,0,1,1,1,1,0,1,1,0,1,train
image_1982.png,0,0,0,1,1,1,0,0,1,0,train
image_1983.png,0,0,0,1,0,0,1,0,0,0,train
image_1984.png,1,0,1,0,1,1,0,1,1,1,train
image_1985.png,0,1,1,1,0,0,0,0,1,1,train
image_1986.png,1,1,1,1,1,0,0,1,0,1,train
image_1987.png,0,1,1,1,1,1,1,1,1,1,val
image_1988.png,0,0,0,0,0,0,1,0,1,0,train
image_1989.png,0,0,0,1,0,0,0,0,1,0,train
image_1990.png,1,1,0,1,0,0,1,1,1,0,val
image_1991.png,1,0,1,0,1,1,0,0,0,1,val
image_1992.png,1,0,1,0,0,0,1,1,1,1,val
image_1993.png,0,0,1,1,0,1,1,0,1,0,train
image_1994.png,0,0,0,0,1,0,1,1,1,0,train
image_1995.png,1,1,1,1,0,1,1,1,0,1,train
image_1996.png,1,0,1,1,1,1,1,0,1,1,train
image_1997.png,0,0,0,0,1,0,0,0,1,0,train
image_1998.png,0,0,0,1,0,1,0,0,1,0,train
image_1999.png,0,0,1,1,0,1,0,1,1,0,val
image_2000.png,0,0,0,1,0,1,0,1,0,0,train
image_2001.png,1,0,0,1,0,1,1,0,0,0,train
image_2002.png,1,0,0,0,1,0,1,0,1,0,train
image_2003.png,1,0,1,1,1,1,0,1,0,1,val
image_2004.png,0,0,0,0,0,1,0,0,0,0,train
image_2005.png,0,1,1,0,1,1,1,0,1,0,train
image_2006.png,1,0,1,0,0,1,1,1,1,1,train
image_2007.png,1,0,1,1,0,0,0,1,0,1,train
image_2008.png,1,0,0,1,0,1,1,1,0,1,val
image_2009.png,0,1,0,1,0,1,0,0,0,1,train
image_2010.png,0,0,0,1,1,1,1,0,1,0,val
image_2011.png,0,0,1,0,1,1,1,0,1,0,val
image_2012.png,0,0,0,1,0,0,0,1,1,0,train
image_2013.png,0,0,0,0,0,1,0,1,0,0,train
image_2014.png,1,0,0,0,1,0,0,0,1,0,train
image_2015.png,1,0,0,0,0,0,0,0,1,0,val
image_2016.png,1,0,0,0,1,1,1,1,0,0,val
image_2017.png,0,0,1,1,0,1,1,1,0,0,train
image_2018.png,0,1,0,0,0,0,1,0,0,0,val
image_2019.png,1,1,0,0,1,0,0,1,0,0,train
image_2020.png,0,1,1,0,1,1,0,1,1,0,train
image_2021.png,1,0,0,0,1,0,0,1,0,0,train
image_2022.png,1,1,1,1,0,0,1,0,0,0,val
image_2023.png,1,1,1,1,0,1,0,1,1,1,train
image_2024.png,0,0,0,1,1,1,0,0,0,0,val
image_2025.png,0,0,1,1,0,0,0,0,1,0,train
image_2026.png,1,0,0,0,1,0,0,0,0,0,val
image_2027.png,1,1,1,0,1,1,1,1,0,1,val
image_2028.png,0,0,0,1,0,1,1,0,1,0,train
image_2029.png,1,0,1,0,1,0,1,1,0,1,val
image_2030.png,1,0,0,1,1,1,1,1,0,0,train
image_2031.png,1,0,1,0,0,1,0,1,1,1,val
image_2032.png,1,0,0,1,1,0,0,0,0,0,val
image_2033.png,1,1,1,1,1,0,1,0,0,0,train
image_2034.png,0,0,0,1,0,0,0,0,0,0,train
image_2035.png,1,1,0,1,1,1,1,0,0,0,val
image_2036.png,1,0,1,0,1,1,0,0,1,1,train
image_2037.png,1,0,0,1,0,0,0,0,0,0,train
image_2038.png,1,1,1,1,1,0,1,0,1,1,train
image_2039.png,0,0,0,0,1,0,0,0,1,0,train
image_2040.png,0,0,1,1,1,1,0,1,0,0,train
image_2041.png,1,0,0,1,0,0,0,1,1,0,val
image_2042.png,1,0,0,0,1,0,0,1,1,0,train
image_2043.png,0,1,1,0,0,0,0,1,1,0,train
image_2044.png,0,1,0,1,1,0,1,1,1,0,val
image_2045.png,1,0,0,0,0,1,0,0,1,1,train
image_2046.png,0,1,1,0,0,1,1,1,0,0,train
image_2047.png,0,0,1,1,0,1,1,1,0,0,val
